Name,Hits
BAND AID,1
DIANA ROSS,31
JACKIE WILSON,24
TOMMY JAMES AND THE SHONDELLS,11
ZEDD,7
HAYLEY WILLIAMS,1
HILLTOPPERS,11
WEIRD AL YANKOVIC,4
THE BEATLES,17
TOMMY ROE,11
FOUR SEASONS,16
TAYLOR SWIFT,64
CARL CARLTON,2
DIRT BAND,2
THE REMBRANDTS,1
TAYLOR HICKS,1
BARRY MANILOW,25
JIMMY HUGHES,1
JULIA MICHAELS,1
JIMMY DEAN,8
DR. DRE,11
EMINEM,47
HUGO WINTERHALTER,13
GLENN MILLER,57
HIS ORCHESTRA,405
TEX BENEKE,17
MARION HUTTON,5
LOVIN' SPOONFUL,5
DARYL HALL,31
LADY GAGA,23
JO STAFFORD,44
BILLY SQUIER,4
DICK KUHN,1
BOBBY GOLDSBORO,11
JACK SMITH,5
BLOODROCK,1
THE TOWER OF POWER,2
ELTON JOHN,56
SHANIA TWAIN,10
ANDY WILLIAMS,28
NANCY SINATRA,10
JOHNNY RIVERS,17
MARTIN DENNY,2
DRIFTERS,7
RUDE BOYS,1
RE-FLEX,1
SERGIO MENDES,1
BOB CROSBY,6
BONNIE KING,2
GLEN CAMPBELL,20
BING CROSBY,115
THE CREW-CUTS,4
TONY ORLANDO,11
DAWN,13
GEORGIA SATELLITES,1
VENTURES,6
THE DIAMONDS,9
THE OUTFIELD,1
CITIZEN KING,1
DAVID COOK,7
JIMMY HALL,1
MARVIN RAINWATER,1
THE CRICKETS,4
RICHARD MALTBY AND HIS ORCHESTRA,1
BOBBY DARIN,21
GLORIA LORING,1
CARL ANDERSON,1
SCRITTI POLITTI,1
NE-YO,19
BEYONCE,34
JACK WHITE,1
AIR SUPPLY,11
ROBIN GIBB,2
GUY LOMBARDO,35
K.C. AND THE SUNSHINE BAND,8
LIONEL RICHIE,15
ARETHA FRANKLIN,43
ELVIS PRESLEY,104
PAULA COLE,2
THE NOTORIOUS B.I.G.,6
PUFF DADDY,12
MASE,12
MARY WELLS,12
GENE COTTON,3
BON JOVI,19
RONNIE HAWKINS AND THE HAWKS,1
GENE KRUPA,10
ANITA O'DAY,5
ROY ELDRIDGE,1
MARVIN GAYE,41
CHUCK BERRY,13
SIMON AND GARFUNKEL,11
NAPOLEON XIV,1
THE INK SPOTS,17
BRENDA HOLLOWAY,3
PHIL COLLINS,20
HERB ALPERT AND THE TIJUANA BRASS,9
PATTI LABELLE,1
THE BLUE BELLES,1
DON GIBSON,4
THE ANDREWS SISTERS,16
VIC SCHOEN,10
MARIE OSMOND,6
HARMONICATS,3
LANA DEL REY,3
LEIF GARRETT,3
DINAH SHORE,39
CHRISTINA PERRI,4
KID ROCK,3
SHERYL CROW,10
KRIS ALLEN,4
GENESIS,17
MICHAEL JACKSON,40
DELLS,2
B2K,4
RAY EBERLE,31
HIS ROYAL CANADIANS,11
JIMMY BROWN,4
JOHNNIE TAYLOR,11
BLINK 182,1
RONETTES,3
TOMMY EDWARDS,7
FONTANE SISTERS,9
CHUBBY CHECKER,23
LULU,4
BROOK BENTON,24
SWEET,4
BILLY JOEL,33
RAY NOBLE,2
BUDDY CLARK,19
ANITA GORDON,1
PAUL REVERE AND THE RAIDERS,13
MARK LINDSEY,7
SOUL FOR REAL,2
TONY TONI TONE,3
STACIE ORRICO,1
LUDACRIS,30
FIELD MOB,3
JAMIE FOXX,6
REO SPEEDWAGON,13
VAN HALEN,16
FRENCH MONTANA,4
SWAE LEE,3
JESSIE J,3
ARIANA GRANDE,14
NICKI MINAJ,46
JOHNNY NASH,4
JAMES BROWN,36
TEVIN CAMPBELL,5
DIERKS BENTLEY,8
CHRIS BROWN,41
CHRISTINA AGUILERA,19
LESLEY GORE,10
DRAKE,94
LIL WAYNE,69
LUKAS GRAHAM,2
HOWARD JONES,9
MILLIE JACKSON,2
PLATTERS,9
LES PAUL,40
MARY FORD,24
THOMPSON TWINS,7
BARENAKED LADIES,2
METRO STATION,1
WILL BRADLEY,7
RAY McKINLEY,8
JACKSON 5,8
GEORGE STRAIT,11
DEF LEPPARD,15
JASON ALDEAN,13
NEIL SEDAKA,21
FIREFALL,6
ORLEANS,3
FRANKIE AVALON,13
PAUL AND PAULA,3
THE MOODY BLUES,7
MIAMI SOUND MACHINE,8
HENRY LEE SUMMER,2
STYX,16
U2,17
WHITNEY HOUSTON,36
JUSTIN TIMBERLAKE,28
MATT MORRIS,1
CHARLIE SEXTON,2
ROY HEAD,2
SEAN PAUL,12
JERMAINE JACKSON,7
RAY CHARLES,31
PARMALEE,1
MARSHMELLO,4
ANNE-MARIE,2
RITA COOLIDGE,6
READY FOR THE WORLD,3
GORDON JENKINS,20
JOE GRAYDON,1
CHORUS,7
BOBBY (BORIS) PICKETT AND THE CRYPT-KICKERS,2
KEITH,3
PHILLIP PHILLIPS,3
3 DOORS DOWN,6
JUICE NEWTON,7
JIMMY BUFFETT,7
SURVIVOR,8
CHANGING FACES,3
HELEN REDDY,15
FRANKIE VALLI,10
JESSE McCARTNEY,5
THE TUBES,1
NAT KING COLE,50
DORIS DAY,29
HARRY JAMES,32
PAULA ABDUL,11
GALLERY,3
LED ZEPPELIN,6
MAROON5,4
SAM COOKE,28
KENNY CHESNEY,25
SAM THE SHAM AND THE PHARAOHS,6
LOUIS JORDAN,14
ROVERS,1
AMERICA,11
DIONNE WARWICK,29
JEFFREY OSBORNE,7
FOUR TOPS,10
STEVIE B,7
RUDY VALLEE,1
ROY ORBISON,23
SIL AUSTIN,1
ABBA,14
BRUCE SPRINGSTEEN,18
SLIM WHITMAN,2
FALL OUT BOY,9
FLEETWOOD MAC,18
TYRONE DAVIS,5
50 CENT,20
STATLER BROTHERS,1
JOHN STEWART,2
SAM,1
DAVE,2
K.W.S.,1
DICK HAYMES,45
THE SONG SPINNERS,10
JOHNNY THUNDER,1
SONNY CHARLES,2
CHECKMATES LTD.,1
JERRY WALLACE,6
5TH DIMENSION,9
MARY JANE GIRLS,1
THE HOLLIES,9
JAMES TAYLOR,13
38 SPECIAL,4
HINDER,2
J. COLE,22
STEVIE WONDER,42
LAURYN HILL,3
JOHNNY AND THE HURRICANES,4
DOOBIE BROTHERS,10
THE NEWBEATS,2
CULTURE CLUB,10
WINGER,3
PAUL ANKA,32
MARIAH CAREY,39
PRINCE,30
THE N.P.G.,4
RAPPIN' 4-TAY feat. THE SPINNERS,1
LUKE feat 2 LIVE CREW,1
TOTO,10
DAVE CLARK FIVE,16
THE BOBBETTES,1
FLEETWOODS,6
MAXINE BROWN,3
EDWIN STARR,4
NICKELBACK,11
SHAKIRA,10
EL CATA,1
KAY STARR,18
BARRY WHITE,12
GENE AND DEBBIE,1
KRIS KROSS,4
PERRY COMO,90
PEOPLE,1
K.P.,1
ENVYI,1
LABRINTH,1
EMELI SANDE,2
ASHANTI,12
RICH HOMIE QUAN,2
ANNE VINCENT,3
JACK OWENS,3
COMMODORES,10
CAPTAIN HOLLYWOOD PROJECT,1
AMERICAN IDOL FINALISTS SEASON 4,1
FREDDY MARTIN,21
ROBERT KNIGHT,1
GEORGE HARRISON,13
CHRISTOPHER CROSS,8
MR. MISTER,3
TOBY KEITH,15
BILLY WILLIAMS,9
KEITH URBAN,19
DANNY KAYE,3
ANDREWS SISTERS,23
LITTLE PEGGY MARCH,3
BILLY AND LILLIE,2
BRENDA LEE,32
KYGO x SELENA GOMEZ,1
EURYTHMICS,9
CANDYMAN,1
BLACKSTREET,4
PAT BOONE,39
STARSHIP,6
JOHN PARR,2
BOBBY MOORE,1
DUSTY FLETCHER,1
SIR MIX-A-LOT,1
BRITNEY SPEARS,24
ELI YOUNG BAND,2
MATT MONRO,2
UNCLE KRACKER,3
GRAND FUNK,6
JOURNEY,18
KT TUNSTALL,2
ENGLAND DAN,3
JOHN FORD COLEY,3
GLEN GRAY,7
THE CASA LOMA ORCHESTRA,6
PEE WEE HUNT,5
BRASS CONSTRUCTION,1
KENNY LOGGINS,13
RHYTHM SYNDICATE,2
JOE COCKER,9
BILLY VAUGHN AND HIS ORCHESTRA,8
SAM NEELY,2
ERIC BURDON AND THE ANIMALS,6
JIM STAFFORD,7
TRAVIS SCOTT,18
LIL UZI VERT,6
KANYE WEST,45
GALE STORM,6
TURTLES,4
TONY MARTIN,19
O.C. SMITH,3
CHI-LITES,1
DAVID ESSEX,1
THE LONELY ISLAND,1
AKON,25
PAUL DAVIS,8
SHIRLEY ELLIS,3
GUY MITCHELL,13
MELISSA MANCHESTER,7
DAN FOGELBERG,11
STAN KENTON,16
RAY ANTHONY,11
KATHY YOUNG,2
THE INNOCENTS,2
LISA STANSFIELD,4
JOHN COUGAR,6
FRED WARING GLEE CLUB,3
DARRYL WORLEY,3
A FLOCK OF SEAGULLS,3
REX ALLEN,2
SAMMY KAYE,40
AEROSMITH,21
SMOKEY ROBINSON AND THE MIRACLES,10
KLYMAXX,3
DON FARDON,1
SPIKE JONES,15
AMBROSIA,5
JOANIE SOMMERS,1
JOHN OATES,29
CAMEO,3
BEATLES,37
NATALIE LA ROSE,1
JEREMIH,6
KENNY LOGGINS with STEVIE NICKS,1
BOB AND DOUG McKENZIE,1
JOSE FERRER,1
MKTO,1
YOUNG GUNZ,2
RELL,1
THE POLICE,6
HERB ALPERT,10
GRAND FUNK RAILROAD,3
MARIO LANZA,9
SADE,5
THE DELL-VIKINGS,2
ELVIS PRESLEY with THE MELLOW MEN,1
BOBBY WOMACK AND PEACE,2
FREDDIE SLACK,4
ELLA MAE MORSE,9
PORTUGAL. THE MAN,1
ETTA JAMES,9
R. KELLY,26
PEGGY LEE,12
DAVE BARBOUR,1
GARFUNKEL,7
THE POINTER SISTERS,5
LUKE BRYAN,16
LINDA RONSTADT,21
SEARCHERS,6
B.J. THOMAS,14
CARDI B,14
SZA,5
DONOVAN,12
RIGHT SAID FRED,1
JOE SIMON,8
GRACE KELLY,1
CHARLIE BARNET,5
AMBER,1
MARTHA AND THE VANDELLAS,11
COLBY O'DONIS,3
MOODY BLUES,6
YVONNE ELLIMAN,5
ROGER MILLER,12
BEE GEES,13
BLACK BOX,3
VENGABOYS,1
SWITCH,1
BEN E. KING,8
JOHN MAYER,11
BOBBY RYDELL,19
CELINE DION,15
PEABO BRYSON,5
ELDORADOS,1
RIHANNA,49
RIGHTEOUS BROTHERS,12
JUNIOR M.A.F.I.A.,2
EDDIE RAMBEAU,1
TYGA,5
CROSBY,7
STILLS AND NASH,4
MACK 10,4
JOHNNY CRAWFORD,4
KE$HA,13
LIGHTNING SEEDS,1
NELSON,4
APRIL WINE,3
MONTELL JORDAN,7
CONNIE FRANCIS,35
FATS DOMINO,37
DICK JACOBS AND HIS CHORUS AND ORCHESTRA,2
JAY-Z,42
THE STRAY CATS,3
RUBICON,1
KINGSMEN,3
DONNA SUMMER with BROOKLYN DREAMS,1
MICHAEL BOLTON,17
DIXIE CHICKS,13
YOUNG DRO,1
T.I.,26
B.O.B,8
HAYLEY WILLIAMS of PARAMORE,1
SMITHEREENS,2
HIS MUSIC MAKERS,25
JIMMY SAUNDERS,6
BOBBY SOOTS,2
BAD COMPANY,9
TONY RICH PROJECT,1
MILLS BROTHERS,14
VIC DAMONE,22
SELENA,1
CLYDE McPHATTER,8
MINT CONDITION,5
NATASHA BEDINGFIELD,4
SEAN KINGSTON,7
IMAGINE DRAGONS,8
TOMMY DORSEY,52
FRANK SINATRA,97
PIED PIPERS,22
TINA TURNER,17
DeBARGE,4
FOUR ACES,18
H-TOWN,3
BLUES TRAVELLER,2
JOHNNIE RAY,14
JARREAU,1
KARDINAL OFFISHALL,2
PAUL McCARTNEY,17
POST MALONE,18
GO-GO'S,2
LLOYD PRICE,10
BRENTON WOOD,3
JOHN PAUL YOUNG,1
THE AVANT-GARDE,1
GARY (U.S.) BONDS,3
PERCY FAITH,7
KAY KYSER,29
THE GLEE CLUB,10
THE BELLS,1
BOB DYLAN,12
PANIC! AT THE DISCO,3
MAC MILLER,2
DOROTHY MOORE,2
PROCLAIMERS,1
VAUGHN MONROE,40
EDDY HOWARD,18
BURL IVES,6
ERIC CLAPTON,14
HARRY CHAPIN,4
EARTH,14
WIND AND FIRE,13
HANSON,3
TIMBUK 3,1
DONNA SUMMER,20
DWELE,2
COBRA STARSHIP,2
SABI,1
BILL DOGGETT,2
THE MARVELETTES,7
CARRIE UNDERWOOD,19
SILVER CONVENTION,2
OHIO PLAYERS,6
BARBARA LEWIS,5
MYSTIKAL,7
AUTOGRAPH,1
FANTASIA,3
MAROON 5,18
NEIL DIAMOND,37
HELEN FORREST,21
VICTOR YOUNG,15
ARCHIE BLEYER,2
MATTHEW WILDER,2
SONNY JAMES,2
BLUE HAZE,1
KILLERS,1
HILARY DUFF,3
SONNY AND CHER,5
INXS,10
OUTKAST,10
TRUDY ERWIN AND THE SPORTSMEN GLEE CLUB,1
KATY PERRY,22
21 SAVAGE,6
MARIO VAZQUEZ,1
DICKIE GOODMAN,2
DAN HILL,2
VONDA SHEPARD,1
CURTIS MAYFIELD,5
KOOL AND THE GANG,21
USHER,30
KYLIE MINOGUE,5
DAUGHTRY,8
MERILEE RUSH AND THE TURNABOUTS,1
ROD STEWART,33
FRANKIE SMITH,1
SHEENA EASTON,14
PEARL JAM,5
CREED,4
JAY Z,5
GARY LEWIS,2
THE PLAYBOYS,2
AARON HALL,2
TAG TEAM,1
JOHNNY MERCER,9
PAUL WESTON,23
STEAM,1
LUKE COMBS,4
VANESSA WILLIAMS,8
THE STEVE MILLER BAND,8
GREAT WHITE,2
RAY J,5
MAJID JORDAN,1
CALVIN HARRIS,13
JOHN DENVER,14
NELLY FURTADO,5
THE BOBBY TUCKER SINGERS,11
MARTY ROBBINS,13
GLORIA ESTEFAN,17
MIAMI SOUNDMACHINE,1
SHIRLEY,1
CO.,2
BIRDMAN,4
ANNE MURRAY,11
CAT STEVENS,11
TIM McGRAW,28
TEMPTATIONS,19
KEITH SWEAT,10
IMPRESSIONS,9
THE LITTLE RIVER BAND,10
COLDPLAY,13
MIKE OLDFIELD,1
AL STEWART,4
ZAC BROWN BAND,11
HENRY MANCINI AND HIS ORCHESTRA,5
JORGE INGMANN,1
NATALIE COLE,12
CANNONBALL ADDERLEY,1
R KELLY,9
JO DEE MESSINA,3
MICHAEL DOUGLAS,3
VANILLA FUDGE,2
LOVERBOY,8
RICKY NELSON,24
BERNADETTE PETERS,1
THE OTHER ONES,1
C COMPANY,1
DION AND THE BELMONTS,6
THE ROLLING STONES,19
GISELE MacKENZIE,1
THE MUSIC EXPLOSION,1
SAVAGE GARDEN,8
T-PAIN,27
GEORGE MICHAEL,18
THE NEW SEEKERS,2
EVE,10
DRU HILL,8
BILLY CURRINGTON,3
JONAS BROTHERS,10
GENE PITNEY,16
HUMAN LEAGUE,3
FOUNTAINS OF WAYNE,1
JACK FINA,2
DENNIS DAY,4
PERRY COMO and JAYE P. MORGAN,1
ROD BERNARD,1
JESSIE JAMES,1
ARTHUR GODFREY,11
CHORDETTES,7
PET SHOP BOYS,6
DUSTY SPRINGFIELD,12
EDDIE MONEY,11
NELLY,15
THE PUSSYCAT DOLLS,7
XAVIER CUGAT,7
EDDIE FISHER,44
THE TALKING HEADS,2
KENDRICK LAMAR,26
MATT DENNIS,2
THE BEACH BOYS,17
JOHN MELLENCAMP,9
MADONNA,48
DIANA ROSS AND THE SUPREMES,9
CHER,27
JONI MITCHELL,4
JACKSON FIVE,8
THE PIED PIPERS,8
RENE AND RENE,1
THE EURYTHMICS,2
BACKSTREET BOYS,13
BOSTON,8
IVY THREE,1
POINTER SISTERS,12
RICK SPRINGFIELD,17
YES,6
BABY BASH,4
SKEETER DAVIS,4
EDDIE HARRIS,1
EDWYN COLLINS,1
LONESTAR,10
LEE BRICE,3
BROTHER BEYOND,1
DALE HAWKINS,2
PERCY SLEDGE,5
CECE WINANS,1
WAYLON JENNINGS,2
GLORIA MANN,2
JEFFERSON STARSHIP,10
ELLIE GOULDING,6
THE SOUTHER HILLMAN FURAY BAND,1
JANE FROMAN,3
BRUNO MARS,21
AL MARTINO,13
MOTLEY CRUE,7
THE CIVIL WARS,2
FLASH CADILLAC AND THE CONTINENTAL KIDS,1
FOGHAT,5
WIZ KHALIFA,12
EDMUNDO ROSS,1
SILVER,1
DJ SNAKE,5
JUSTIN BIEBER,38
GIORGIO MORODER,1
JOE SOUTH,2
ANDY GIBB,9
FOXY BROWN,3
SHANICE,5
FUTURE,19
THE EAGLES,7
1910 FRUITGUM CO.,5
THE ESCAPE CLUB,2
NO DOUBT,7
RUTH BROWN,2
COOLIO,6
BRANDY,13
BILLY MYLES,1
BENNY GOODMAN,16
ERASURE,3
SOULJA BOY,1
THE OHIO PLAYERS,2
BOBBY WAYNE,5
BILL BLACK'S COMBO,8
AL GREEN,14
MICHAEL W. SMITH,2
CATHY DENNIS,5
MATT McANDREW,2
SAM SMITH,6
DON CHERRY,8
TOTAL,5
THE SHEPHERD SISTERS,1
TRUDY ERWIN,4
THE SPORTSMEN,1
GARY U.S. BONDS,5
ALANNAH MYLES,2
LORD TARIQ,2
PETER GUNZ,2
ANDY WILLIAMS with THE ST. CHARLES BORROMEO CHOIR,1
KIP MOORE,1
GORDON SINCLAIR,2
BELLAMY BROTHERS,2
LEE MICHAELS,2
GLADYS KNIGHT AND THE PIPS,24
HERMAN'S HERMITS,18
ZACARI,2
JIMMY DORSEY,41
BOB EBERLY,31
JIM REEVES,4
SHARON BRYANT,1
"TIMMIE ""OH YEAH!"" ROGERS",1
THE WEEKND,18
THE DOOBIE BROTHERS,6
BOYS LIKE GIRLS,3
KAREN CHANDLER,3
RICK NELSON AND THE STONE CANYON BAND,1
THE LEFT BANKE,2
KITTY KALLEN,19
TERRI CLARK,4
DAVID GATES,3
SWITCHFOOT,2
WILD CHERRY,1
NEW ORDER,2
SAMMY DAVIS JR.,8
JIMMIE RODGERS,13
TIMBALAND,11
THE GAME,3
CHARLIE SPIVAK,14
IRENE DAYE,3
MATCHBOX TWENTY,6
TRAPT,1
PITBULL,22
CHICAGO,35
JUDY GARLAND,8
BOBBY SHERWOOD,1
THREE DOG NIGHT,21
RASCAL FLATTS,15
LEE BARRY,1
JAY AND THE TECHNIQUES,3
CLAIRE HOGAN,3
GEORGE HAMILTON IV,5
JASON DERULO,12
TY DOLLA $IGN,4
BIPOLAR SUNSHINE,1
TERESA BREWER,20
PETER FRAMPTON,6
CULTURE BEAT,1
AVRIL LAVIGNE,10
CELEBRATION,1
MIKE LOVE,1
THE INTRUDERS,3
THE BLUES BROTHERS,1
DON HENLEY,8
ASHTON GARDNER AND DYKE,1
THE CLOVERS,2
CAUSE,1
EFFECT,1
DEMI LOVATO,12
BOBBY GENTRY,1
JERRY LEE LEWIS,7
BETTY EVERETT,3
JERRY BUTLER,15
SAMANTHA FOX,4
JOHN TRAVOLTA,5
OLIVIA NEWTON-JOHN AND CAST,1
TONY BENNETT,20
LIZA MORROW,3
THE PIXIES THREE,1
JACKIE LEE,4
BABYFACE,11
ROGER DALTREY,1
FRANKIE CARLE,5
PAUL ALLEN,3
TRAVIS,1
BOB,1
B-52'S,4
LOU BEGA,2
BAD ENGLISH,3
NEW EDITION,8
ENYA,3
CHRISTINA MILIAN,4
YOUNG JEEZY,10
THE CAPTAIN AND TENNILLE,4
STAN FREBERG,5
SEAL,5
THE KINGPINS,1
STYLISTICS,3
THE BLUE RIDGE RANGERS,2
OPUS,1
BILL HALEY AND THE COMETS,3
JIMMY SOUL,2
RUPERT HOLMES,3
ROLLING STONES,23
GO WEST,3
SNOOP DOGG,18
COLLECTIVE SOUL,3
THE MODERNAIRES,14
DICK NOEL,3
DEACON ANDY GRIFFITH,1
THE FIVE KEYS,2
FRANCE JOLI,1
PAUL YOUNG,5
BOY KRAZY,1
BAZZI,2
THE HALOS,1
IKE AND TINA TURNER,3
DIGITAL UNDERGROUND,2
KING CURTIS AND THE NOBLE KNIGHTS,1
MERV GRIFFIN,4
MARTIN MEN,4
THE KEN DARBY SINGERS,5
ETHEL SMITH,1
FRANKIE J,5
WIZKID,1
KYLA,1
DEBORAH COX,4
OTIS AND CARLA,2
JOAN WEBER,1
LITTA EVA,1
THE SPINNERS,7
SYLK-E. FYNE,1
CHILL,2
CASE,6
JOE,8
RINGO STARR,10
RUBEN STUDDARD,2
LES COMPAGNON DE LA CHANSON,2
J-SHIN,1
LaTOCHA SCOTT,1
BRYSON TILLER,3
KENNY LATTIMORE,1
KILL EDWARD,1
GORDON MacRAE,17
THE ROYAL TEENS,1
ARTIE SHAW,13
HOT LIPS PAGE,1
THE TIJUANA BRASS,4
SWV,8
JOHNNY MATHIS,15
AZ YET,2
BOBBY FREEMAN,4
DON CORNELL,28
LYNYRD SKYNYRD,5
ZZ TOP,8
CHAD,5
JEREMY,5
JUNIOR WALKER,6
THE ALL STARS,6
HARRY BABBITT,11
GINNY SIMMS,3
JACK MARTIN,4
MAX W,1
CIARA,12
YARDBIRDS,5
TRAIN,8
POCO,4
FINE YOUNG CANNIBALS,2
FRANK PETTY TRIO,1
LINKIN PARK,12
KENNY O'DELL,1
MICHAEL (MARTIN) MURPHEY,1
KELLY CLARKSON,16
THE SYLVERS,2
RICH THE KID,1
MUSIQ SOULCHILD,2
EDDY DUCHIN,1
JOHNNY DRAKE,2
MICHAEL NESMITH,1
JIMMY EAT WORLD,1
DEL SHANNON,10
THE FIVE AMERICANS,3
JONI JAMES,16
THE CHAMPS,4
DUANE EDDY,13
JAMIE WALTERS,1
LITTLE RICHARD,9
BOBBY McFERRIN,2
BOOKER T. AND THE MG'S,5
BONNIE RAITT,5
JOHN STEWART with STEVIE NICKS,1
LIDSAY BUCKINGHAM,1
YOGI YORGESSON,2
BOBBY WOMACK,2
ALAN JACKSON,11
HUEY LEWIS AND THE NEWS,17
DICKY DOO AND THE DON'TS,1
BETTY RHODES,3
THE ART OF NOISE,1
TOM JONES,18
MEN AT WORK,5
RAY PARKER JR.,8
MURPHY LEE,3
JERMAINE DUPRI,4
PAUL EVANS,3
ENRIQUE IGLESIAS,10
WESTSIDE CONNECTION,2
GOO GOO DOLLS,8
PEACHES AND HERB,8
MIRACLES,9
NINA SIMONE,1
DAN HARTMAN,3
QUINCY JONES,6
WEEZER,1
FIVE,1
SHABBA RANKS,3
JOHNNY GILL,4
DAVID NAUGHTON,1
MELISSA ETHERIDGE,6
ROCCO GRANATA QUINTET,1
DAVID SEVILLE,7
THE CHIPMUNKS,5
BOB SEGER SYSTEM,1
SANTANA,14
BARBRA STREISAND,21
HANK BALLARD,7
THE DOVELLS,5
GARY LEWIS AND THE PLAYBOYS,10
JAY-Z feat AMIL (OF MAJOR COINZ),1
LOUISE TOBIN,2
CHERISH,2
SEAN PAUL OF THE YOUNGBLOODZ,1
REGINAE CARTER,1
AVICII,3
FUGEES,1
UNCLE SAM,1
PETULA CLARK,15
GHOST TOWN DJ'S,1
EAGLES,10
AVANT,6
DAVID BOWIE,14
T-BOZ,2
FREDDY CANNON,8
JAMES DARREN,5
TEENA MARIE,2
MANHATTANS,3
THE RIVIERAS,1
SONNY,6
CLYDE ROGERS,3
JAN AND ARNIE,1
RICK ASTLEY,7
RICHARD MARX,14
AALIYAH,13
TOM PETTY,3
TONY CAMILLO'S BAZUKA,1
GLEE CAST,50
SKEE-LO,1
THE CALLING,1
GARY MILES,1
EDWIN McCAIN,2
THE FACTS OF LIFE,1
JIMMIE LUNCEFORD,1
BAND ENSEMBLE,8
CONNIE HAYNES,2
KENNY GARDNER,10
CLUB NOUVEAU,2
THE RED JUMPSUIT APPARATUS,1
THE YARDBIRDS,1
DIANE RENAY,2
CRABBY APPLETON,1
LITTLE SISTER,2
NIGHT RANGER,6
ASHFORD,2
SIMPSON,2
BENNY BLANCO,1
HALSEY,7
KHALID,7
THE OHIO EXPRESS,4
VANDENBERG,1
DIONNE,1
FRIENDS,3
98 DEGREES,8
LINEAR,2
THE FOUR TOPS,14
COLLIN RAYE,2
MECO,5
MARGARET WHITING,20
JENNIFER HUDSON,1
EDDIE MURPHY,2
JACK SCOTT,9
STEVE ALLEN with GEORGE CATES ORCHESTRA,1
LITTLE RIVER BAND,4
RIXTON,1
THE ASSOCIATION,6
MEGHAN TRAINOR,7
ADAM FAITH,1
THE ROULETTES,1
GREEN DAY,5
JAMES INGRAM,5
BEACH BOYS,18
JoBOXERS,1
RICHARD HAYES,5
CHRIS CHRISTIAN,1
SMOKEY ROBINSON,13
ASIA,4
CARLY SIMON,13
"CLARENCE HENRY ""FROG MAN""",1
THE MARSHALL TUCKER BAND,1
PINK LADY,1
YO GOTTI,2
CHILDISH GAMBINO,2
KID CUDI,2
TAL BACHMAN,1
PLAYMATES,2
ALABAMA,6
LES BAXTER,8
BREATHE,5
JO ANN CAMPBELL,1
CHUBBY CHECKER with DEE DEE SHARP,1
5 SECONDS OF SUMMER,7
LITTLE WILLIE JOHN,4
PUSHA T,2
JAY-Z feat BEYONCE KNOWLES,1
NEW BOYZ,5
CHI COLTRANE,1
MARY J. BLIGE,18
BROOK-LYN,1
JIM CROCE,8
SWEET SENSATION,5
JET,2
THE CARS,7
STEVE WINWOOD,10
THE COVER GIRLS,2
JORDIN SPARKS,4
BARRY YOUNG,1
GLENN MILLER ORCHESTRA,6
FRANK CHACKSFIELD,2
GLASS BOTTLE,1
TONI BRAXTON,10
MIRANDA LAMBERT,7
LOOKING GLASS,2
LIN-MANUEL MIRANDA,1
ARTISTS FOR PUERTO RICO,1
ISAAC HAYES,9
CAMPUS KIDS,4
L.V.,1
THE TREMELOES,3
JON SECADA,6
ROCKWELL,2
TRACE ADKINS,3
JANET,8
TOM PETTY AND THE HEARTBREAKERS,11
THE PROCLAIMERS,1
NEW BIRTH,1
LL COOL J,13
JENNIFER LOPEZ,15
JAHEIM,4
BERLIN,2
DEBBIE REYNOLDS,3
GAYLORDS,4
DAVID CASSIDY,6
FIRST CLASS,1
MICHAEL McDONALD,5
BOYZ II MEN,14
SUGAR RAY,4
UB40,6
DIAMOND RIO,4
BOBBY HELMS,6
CAPTAIN,3
TENNILLE,3
NENEH CHERRY,2
WILLOW,1
GARY CROSBY,5
THE PARIS SISTERS,2
HORACE HEIDT,11
HIS MUSICAL KNIGHTS,7
RONNIE KEMPER,4
FRANKIE LAINE,30
MICHAEL DAMIAN,3
R.E.M.,9
LOU STEIN,1
RYAN CABRERA,2
D'ANGELO,4
THE ORLONS,5
MYA,7
NEIL YOUNG,3
STEPPENWOLF,7
THE BLACK EYED PEAS,8
ROME,2
PRELUDE,1
JACKSON BROWNE,11
THE MIRACLES,11
FREDDIE JACKSON,4
LAWRENCE WELK,4
LARRY HOOPER,1
FREDDIE HART,1
B.M.U.,1
OLIVIA NEWTON-JOHN,25
ATLANTA RHYTHM SECTION,2
DISCLOSURE,1
CHRIS CONNOR,1
ABC,5
ELECTRIC INDIAN,1
ATLANTIC STARR,4
GRAHAM PARKER,1
THE SHOT,1
HAROLD MELVIN AND THE BLUE NOTES,3
BILLY IDOL,9
THE JETS,5
THE KINGSTON TRIO,5
LIL' WAYNE,9
DONNY OSMOND,13
JOHN COUGAR MELLENCAMP,9
JA RULE feat ASHANTI,1
THE AMES BROTHERS,6
NELSON RIDDLE AND HIS ORCHESTRA,4
THE TURTLES,6
BOW WOW,8
JOHNTA AUSTIN,2
THE CRESCENDOS,1
GOOD CHARLOTTE,2
THE BUCKINGHAMS,5
TAYLOR DAYNE,9
JIVE BUNNY AND THE MASTERMIXERS,1
JERRY MURAD,3
VIK VENUS,1
CHANTAY SAVAGE,1
RONNIE DYSON,2
JAMES LAST,1
JOE DOWELL,2
IVO ROBIC AND THE SONG-MASTERS,1
THE CHIPMUNKS with DAVID SEVILLE,1
JANIS JOPLIN,1
MILLIE,2
FLORENCE + THE MACHINE,2
BIG SEAN,17
2 CHAINZ,11
KARLA BONOFF,1
ORCHESTRAL MANOEUVRES IN THE DARK,4
69 BOYZ,2
OLIVIA,3
THE OSMONDS,6
GARY ALLAN,5
VICKI SUE ROBINSON,1
FABIAN,8
XSCAPE,10
BOBBY SHERMAN,7
GEORGE McCRAE,2
FRANKIE LYMON AND THE TEENAGERS,2
JOHNNY HORTON,3
GENE KELLY,5
DAVID ROSE,7
THE YOUNG RASCALS,5
SKIP,3
FLIP,2
PINK,14
THE PIPES AND DRUMS AND THE MILITARY BAND OF THE ROYAL SCOTS,1
BOBBY VEE,12
BOBBY BARE,4
BARRY GIBB,3
DENIECE WILLIAMS,1
BRAD PAISLEY,16
DINNING SISTERS,2
HEART,20
SHECK WES,1
EVERLY BROTHERS,13
HEAVY D AND THE BOYZ,2
EN VOGUE,12
THIRTY EIGHT SPECIAL,2
BRIAN WILSON,1
MILEY CYRUS,11
GERRY AND THE PACEMAKERS,7
3OH!3,3
J.J. JACKSON,1
MAR-KEYS,1
LADY ANTEBELLUM,8
NENA,1
MONICA,8
THE BYRDS,3
BONNIE POINTER,2
YOUNG MONEY,2
BLACKBYRDS,2
O-TOWN,2
JULIE LONDON,1
FAT BOYS,2
ADAM WADE,3
BABY BOY DA PRINCE,1
LIL BOOSIE,2
ERIC CARMEN,9
HOT CHOCOLATE,6
LIEUTENANT BUDDY KNOX with THE RHYTHM ORCHIDS,1
HOOTERS,3
CONWAY TWITTY,9
JERRY KELLER,1
ROXY MUSIC,1
WAR,13
DAVID RUFFIN,2
DUANE EDDY AND THE REBELETTES,2
AL WILSON,5
GLENN CAMPBELL,1
THE CHANTELS,4
NORMANI,1
NATALIE MERCHANT,3
"MISSY ""MISDEMEANOR"" ELLIOTT",7
SEEKERS,2
JOSH TURNER,2
NAPPY BROWN,1
WAYNE KING,5
R. KELLY duet with USHER,1
KANSAS,7
BACHELORS,6
KINKS,6
CLIFF RICHARD,9
ERIC CHURCH,4
HAL KEMP,3
BOB ALLEN,3
PATTI PAGE,38
EDDIE KENDRICKS,5
EVERLAST,1
THE READY SET,1
CHAD STEWART,2
JEREMY CLYDE,2
CREW-CUTS,4
RUPEE,1
NICK NOBLE,5
SWEATHOG,1
K-CI HAILEY OF JODECI,1
SALT'N'PEPA,3
TOMMY TUTONE,2
THE DADDY-O'S,1
WILSON PICKETT,16
E-40,5
KANDI GIRL,1
VIRTUES,1
CARL PERKINS,1
WOODY HERMAN,16
PETE TOWNSEND,1
INEZ FOXX with CHARLIE FOXX,1
CREW CUTS,8
LOU REED,1
DANITY KANE,2
MUSIQ,3
THE BROWNS,3
CLARENCE CARTER,4
RICKY MARTIN,4
FRANCIS CRAIG,4
MARJORIE HUGHES,4
ROGER WILLIAMS,7
SAMMY TURNER,2
BOOTS RANDOLPH,1
ARCHIES,2
GLENN LEWIS,1
SPANKY AND OUR GANG,5
FOREIGNER,17
COREY HART,9
LIGHTHOUSE,2
ICONA POP,1
CHARLI XCX,3
CRISPIN ST. PETERS,1
THE WHO,16
DJ KHALED,11
RICK ROSS,15
BUDDY KNOX with THE RHYTHM ORCHIDS,3
BROOKE HOGAN,1
PAUL WALL,3
THE MILLS BROTHERS,7
RUBY AND THE ROMANTICS,3
JIMMY REED,2
THE SUPREMES,12
DESCEMER BUENO,1
GENTE DE ZONA,1
DAVID,3
JONATHAN,1
SNIFF'N'THE TEARS,1
BILL HALEY AND HIS COMETS,9
PATTY SMYTH,2
GRETCHEN WILSON,3
FLORIDA GEORGIA LINE,12
DON COVAY,2
95 SOUTH,1
G-EAZY,5
A$AP ROCKY,3
THE BEATLES with BILLY PRESTON,2
THE HILLTOPPERS,6
JIMMY SACCA,5
MILLI VANILLI,5
MOMENTS,3
ADINA HOWARD,2
DIDDY - DIRTY MONEY,2
DUA LIPA,2
BILLY RAY CYRUS,1
SCOTT McKENZIE,2
JACK ROSS,1
ROBBIE DUPREE,2
RUTH HAAG,2
BANGLES,8
BROOKS,8
DUNN,8
BLOCBOY JB,1
THE SENTIMENTALISTS,2
JIM JONES,2
ALICE COOPER,11
DESTINY'S CHILD,13
AMERICAN AUTHORS,1
LARRY SANTOS,1
NOKIO,1
KAYDETS,13
JUNE VALLI,6
ROSEMARY CLOONEY,9
CAROLE KING,12
STAPLE SINGERS,3
CARS,6
STONEBOLT,1
JIMMY RUFFIN,4
DREAM ACADEMY,2
HARRY SIMEON CHORALE,1
BO DONALDSON,3
THE HEYWOODS,3
"BILLY ""CRASH"" CRADDOCK",1
AUGUSTANA,1
PEGGY KING,1
POLLY BROWN,1
ALICIA KEYS,15
CHOIR,3
GEORGE EZRA,1
THE FOUR COINS,4
JACK McVEA,1
HIS MUSIC MASTERS,2
EURGENE FIELDS,1
ISLEY BROTHERS,7
McGUIRE SISTERS,9
THE CASTELLS,1
DION,13
BILL PURCELL,1
WINGS,20
THE DOORS,7
LISA LISA AND CULT JAM,4
KENNY G,5
SMILEZ,1
SOUTHSTAR,1
WAYLON,1
WILLIE,1
PATRICK HERNANDEZ,1
THE PERSUADERS,2
BLAKE SHELTON,15
ADELE,11
ECHOES,1
THE GO-GO'S,3
PETER AND GORDON,5
OMARION,5
THE SYSTEM,1
ELTON JOHN BAND,1
CRUSADERS,1
DIRE STRAITS,4
TASMIN ARCHER,1
JAGGED EDGE,7
TAVARES,9
DEBBIE GIBSON,9
IRENE CARA,7
XXXTENTACION,12
JIMMY CHARLES,1
CHRIS COLFER,1
LEA MICHELE,3
BRIAN HYLAND,8
THE GAP BAND,2
SIMPLE MINDS,5
BOB SEGER,12
DADDY YANKEE,3
ELECTRIC LIGHT ORCHESTRA,11
CHARLIE RICH,8
WHITE LION,2
THE KASENETZ-KATZ SINGING ORCHESTRAL CIRCUS,1
SUGARLAND,7
ANDRU DONALDS,1
BRETT ELDREDGE,2
BENNY STRONG,2
MARINERS,3
JACK FULTON,2
MICHAEL SEMBELLO,2
P!NK,9
DADDY DEWDROP,1
ED SHEERAN,14
JUNE CHRISTY,5
ROBERT MAXWELL,1
PLAYER,3
ANNIE LENNOX,4
BUDDY HOLLY,4
HUDSON BROTHERS,2
CAST OF RENT,1
PAULA WATSON,1
JOHNNY CASH AND THE TENNESSEE TWO,3
JESSICA SIMPSON,7
FAT JOE,8
TLC,13
EDDIE HODGES,2
DOBIE GRAY,3
SIA,7
DESMOND CHILD,1
ENRIC MADRIGUERA,1
BOB LIDO,3
SOUL II SOUL,2
L.T.D.,3
DEPECHE MODE,6
EZIO PINZA,2
DON McLEAN,6
B.G. feat BABY,1
TURK,1
MANNIE FRESH,1
JUVENILE,2
SUPERTRAMP,9
X AMBASSADORS,2
STRING-A-LONGS,2
FRANK POURCEL'S FRENCH FIDDLES,1
THE ALLMAN BROTHERS BAND,1
DON RODNEY,4
RAMRODS,1
JOEY DEE AND THE STARLIGHTERS,2
LEE ANN WOMACK with SONS OF THE DESERT,2
THE EVERLY BROTHERS,13
THE MANHATTAN TRANSFER,1
BOB LAMM,2
THE POZO-SECO SINGERS,1
OWL CITY,2
CARLY RAE JEPSEN,3
UGLY KID JOE,3
TONY ALAMO,4
ROCKO,1
JACQUES RENARD,1
ORCHESTRA,3
FRANK MUNN,2
JOHN NEWMAN,2
DEBORAH COX with R.L.,1
KINGSTON TRIO,5
OASIS,1
QUARTERFLASH,3
SELENA GOMEZ,18
THE SHELLS,1
LeBLANC AND CARR,1
THURSTON HARRIS,1
SHANGRI-LAS,5
CANDI STATON,2
JOHNNY PRESTON,3
BILLY PRESTON,6
CHARLIE DANIELS BAND,4
BLUE LU BARKER,2
HAPPENINGS,1
VANGELIS,1
AFROMAN,1
BOBBY VINTON,30
THE COWSILLS,3
GERRY GRANAHAN,1
LOBO,8
ROXETTE,9
PRETTY RICKY,2
PENTATONIX,3
JOE JONES,1
ALVINO REY,6
JIMMY JOYCE,1
CARLA THOMAS,2
EVERYTHING BUT THE GIRL,1
HIS ORCHEST,5
THE BAR-KAYS,2
FIONA APPLE,1
FOXY,2
PATIENCE AND PRUDENCE,2
MAJOR LANCE,7
JESUS JONES,2
WAS (NOT WAS),2
JANET JACKSON,24
PHILIP BAILEY,1
SAMMY DAVIS JR. with THE MIKE CURB CONGREGATION,1
THE ORIOLES,1
REAL McCOY,3
RAE SREMMURD,6
GUCCI MANE,8
DON HOWARD,1
ZOMBIES,3
TESLA,2
GEORGE CATES AND HIS ORCHESTRA,1
STEELY DAN,10
PATTY DUKE,2
JOHN FOGERTY,3
BOZ SCAGGS,8
WHAM,3
THE FONTANE SISTERS,5
JOE VALINO,1
CINDERELLA,5
FIESTAS,1
OUTKAST feat SLEEPY BROWN,1
R. DEAN TAYLOR,1
LADY SAW,2
TOMMY JAMES,6
PARTNERS IN KRYME,1
THE CARPENTERS,9
NATHANIEL MAYER AND THE FABULOUS TWILIGHTS,1
THE EDGAR WINTER GROUP,2
SAILCAT,1
ONE DIRECTION,13
BAY CITY ROLLERS,3
AL TRACE,5
RED MADDOX,3
STEVE LAWRENCE,9
MICHAEL MORALES,2
THE ELECTRIC LIGHT ORCHESTRA,6
EUGENIE BAIRD,2
INSTANT FUNK,1
SAM HUNT,5
JAMES ARTHUR,1
SHOP BOYZ,1
ENGLAND DAN AND JOHN FORD COLEY,3
WALTER MURPHY,1
LEROY ANDERSON,4
FRESHLYGROUND,1
PETER NERO,1
SARAH McLACHLAN,5
DR. HOOK,7
DEVO,1
TIM McGRAW with FAITH HILL,1
NELLY feat. TIM McGRAW,1
MARKETTES,1
CRAZY TOWN,1
DAVID LEE ROTH,4
BRENT BOURGEIOX,1
SAVING ABEL,1
LUPE FIASCO,3
TREY SONGZ,9
YOUNGBLOODS,1
ROBERT PALMER,9
MATTHEW SCHULER,1
THE KINKS,6
MANTOVANI,4
? (QUESTION MARK) AND THE MYSTERIANS,1
ICE CUBE,6
GEORGE CLINTON,1
MOUNTAIN,1
DA BRAT,9
THE RAYS,1
LIL JON,12
LISA LOEB,3
NINE STORIES,2
SUPREMES,16
GENE AUTRY,7
THE TAMS,2
TOM TOM CLUB,1
HIS CHORUS AND ORCHESTRA,2
JOHNNY DESMOND,5
ALAN DALE,6
THE ATLANTA RHYTHM SECTION,4
THE SWEET INSPIRATIONS,1
MASON WILLIAMS,1
RUN DMC,2
YG X JEEZY X RICH HOMIE QUAN,1
DEAN MARTIN,23
TIME,3
ROY HEAD AND THE TRAITS,1
GORDON LIGHTFOOT,6
SHAI,4
THE CRAZY WORLD OF ARTHUR BROWN,1
MARC ANTHONY,3
SAMMY JOHNS,1
LAURIE ANDERS,1
SHIRLEY BASSEY,1
ALI THOMSON,1
FRANK ZAPPA,1
MOON UNIT ZAPPA,1
LARRY GROCE,1
HARRY BELAFONTE,4
OTIS REDDING,10
CASSIE,1
WILL SMITH,6
K-CI,5
MARY MARY,1
THE CURLS,1
JULIO IGLESIAS,2
WILLIE NELSON,5
JUICE WRLD,2
MASTER P feat FIEND,2
SILKK THE SHOCKER,5
MIA X,2
MAC AND KATIE KISSOON,1
THE PARLIAMENTS,1
PLAIN WHITE T'S,3
THE GUESS WHO,1
PURPLE RIBBON ALL-STARS,1
HOOBASTANK,1
THE DRIFTERS,9
SILVETTI,1
LES BROWN,8
BUTCH STONE,1
THE PLAYMATES,3
LIL PUMP,3
CHRIS BARTLEY,1
FERDY,1
SLIM,1
THE KAY QUARTET,1
SENATOR EVERETT McKINLEY DIRKSEN,1
POISON,10
TERROR SQUAD,1
FLO RIDA,16
DAVID GUETTA,10
CE CE PENISTON,3
THE TEMPTATIONS,20
LOUIS ARMSTRONG,6
FREDA PAYNE,3
THE CHAINSMOKERS,7
DAYA,3
RAPHAEL SAADIQ,1
DEEP BLUE SOMETHING,1
CARMEN CAVALLARO,9
SAMI JO,1
DAN BAIRD,1
BLOOD,3
SWEAT AND TEARS,3
DICKEY LEE,3
FOO FIGHTERS,3
DINO,6
IRON BUTTERFLY,1
TOKENS,2
THE FUZZ,1
THE ARTIST,6
SAMMIE,2
WEAVERS,10
TERRY GILKYSON,1
QUEEN,12
WILL.I.AM,10
VIC DANA,3
FIREHOUSE,4
P. DIDDY,5
GENE CHANDLER,6
BILLY STEWART,4
THE GRASS ROOTS,7
SHIRLEY AND LEE,2
FRANKIE YANKOVIC,4
JAYE P MORGAN,2
AL HIBBLER,4
GAVIN DeGRAW,5
'N SYNC,10
AARON NEVILLE,3
EARTH WIND AND FIRE,2
LIL BOW WOW,1
BUCHANNAN BROTHERS,1
M.I.A.,2
GLENN FREY,7
SNAP,3
THE STYLISTICS,7
RUSSELL THOMPKINS JR.,1
BILLY RAY CYRUS with MILEY CYRUS,1
PSY,3
LIL MAMA,2
AXEL STORDAHL,6
KYU SAKAMOTO,1
TEE SET,1
LIL BABY,4
THE BEE GEES,19
EMERSON,1
LAKE AND PALMER,1
BILL DEAL,2
THE RHONDELLS,3
JOHN AND ERNEST,1
IMMATURE,5
FREDDIE AND THE DREAMERS,4
BLACK EYED PEAS,6
TEARS FOR FEARS,7
AL JARREAU,2
GLORIA WOOD,3
JON BELLION,1
LOU CHRISTIE,5
GARY NUMAN,1
RASCALS,3
SARA EVANS,7
THE MOJO MEN,1
HELEN O'CONNELL,16
"ESTHER PHILLIPS ""LITTLE ESTHER""",1
COVEN,1
ACE HOOD,1
THE EXCITERS,1
ALLAN SHERMAN,2
THE SPENCER DAVIS GROUP,2
LEE ANN WOMACK,1
MIGOS,10
ERSKINE HAWKINS,1
FLAMINGOS,2
THE FOUR KNIGHTS,2
BRENDA LEE EAGER,1
B.T. EXPRESS,3
JEFFERSON AIRPLANE,1
THE HUMAN LEAGUE,4
ELISA FIORILLO,2
THE VERVE,1
SKYLAR GREY,2
JOHN MILES,1
CHUCK SCHROUDER,1
DICK JURGENS,3
GNASH,2
OLIVIA O'BRIEN,1
FIREBALLS,2
LIONEL RITCHIE,1
LIVINGSTON TAYLOR,2
JAN AUGUST,3
JERRY MURAD'S HARMONICATS,2
GENE McDANIELS,6
THE BELMONTS,2
ANN WILSON,2
ROBIN ZANDER,1
SIR DOUGLAS QUINTET,3
REDNEX,1
THE JAMIES,2
EUROPE,4
BLUE OCTOBER,1
TRAVIS TRITT,3
SHALAMAR,4
HELMUT ZACHARIAS AND HIS MAGIC VIOLINS,1
KENNY BALL AND HIS JAZZMEN,1
SIMPLY RED,5
FILTER,1
FAR*EAST MOVEMENT,3
JOHN SCOTT TROTTER,23
GORDON McRAE,1
DANNY AND THE JUNIORS,3
SLAUGHTER,3
FONTELLA BASS,3
PRESIDENTS,1
SEDUCTION,4
RAY BARRETTO,1
EDWARD BEAR,2
STEELHEART,1
BROTHERHOOD OF MAN,2
CROSBY STILLS NASH,1
YOUNG,1
RUSS MORGAN,27
PHIL PHILLIPS,1
SARAH VAUGHAN,9
EVANESCENCE feat PAUL McCOY,1
JOE TEX,9
ZAC EFRON,4
EILEEN BARTON,2
GARNET MIMMS AND THE ENCHANTERS,3
MEL TORME,4
QUEENSRYCHE,1
DURAN DURAN,15
THE BALLOON FARM,1
PLIES,8
CHRIS J,1
RARE EARTH,6
THE MERRY MACS,6
WILL.I.AM or JUICY J,1
THE CRYSTALS (THE BLOSSOMS),2
NIGHT,1
HEAVY D,3
ZHANE,6
DAVE 'BABY' CORTEZ,1
GERRY RAFFERTY,6
DENISE LOPEZ,1
BETTY HUTTON,10
MICHELLE BRANCH,6
ROGER VOUDOURIS,1
LOVE,1
MASTER P feat SONS OF FUNK,1
DAVID DUNDAS,1
TIFFANY,5
SEALS AND CROFTS,8
COLE SWINDELL,2
THE MAMAS AND THE PAPAS,6
FORCE MD'S,1
SUNNY AND THE SUNGLOWS,1
FLOBOTS,1
J.GEILS BAND,1
FETTY WAP,5
MONTY,1
ALTON McCLAIN,1
DESTINY,1
TOMMY BOYCE,3
BOBBY HART,3
PRINCE AND THE REVOLUTION,6
BOBBI MARTIN,2
THE PLATTERS,15
ART GARFUNKEL with JAMES TAYLOR,1
PAUL SIMON,12
NATURAL SELECTION,2
CHRIS DE BURGH,2
CRYSTAL WATERS,3
ERYKAH BADU,3
BELINDA CARLISLE,6
PACIFIC GAS,1
ELECTRIC,1
JOSHUA KADISON,2
GWEN STEFANI,8
THE FRAY,4
MIKE POST,3
LEON RUSSELL,2
USA FOR AFRICA,1
AMY GRANT,9
DONNA WOO,1
JOE JACKSON,4
GUNHILL ROAD,1
GOGI GRANT,2
BYRDS,4
STEPHANIE MILLS,3
BLACK ROBB,1
MARK CURRY,1
REDBONE,2
ENGELBERT HUMPERDINCK,8
CROW,1
THE ELECTRIC PRUNES,2
LETTERMEN,2
DEL AMITRI,3
THE 5TH DIMENSION,12
NICOLETTE LARSON with MICHAEL McDONALD,1
TIL TUESDAY,2
GUNS N'ROSES,9
SMITH,1
THE FIVE BLOBS,1
BILLY 'CRASH' CRADDOCK,1
YING YANG TWINS feat LIL JON,1
THE EAST SIDE BOYZ,3
SHAWN MENDES,7
CAMILA CABELLO,4
PETER CETERA,6
SUSANNA HOFFS,1
MURMAIDS,1
CHARLIE,1
DIANA KING,2
LLOYD,4
STEVEN TYLER,1
RONNIE DOVE,11
FLORIAN ZABACH,1
ELLA FITZGERALD,11
LOUISE JORDAN,1
HAMMER,2
JOHN CAFFERTY,4
THE BEAVER BROWN BAND,4
TAMIA,5
MIKE POSNER,4
TRIPLETS,1
L.A. GUNS,1
CHAMPAIGN,2
ROBERTA FLACK,11
HUEY,1
BARRY DeVORZON,1
PERRY BOTKIN JR.,1
MITCH RYDER AND THE DETROIT WHEELS,5
THE G-CLEFS,1
MR. HUDSON,1
MUMFORD,3
SONS,3
JOE WALSH,4
SPINNERS,11
THE ARCHIES,2
LaVERN BAKER,5
LOS BRAVOS,1
AUSTIN ROBERTS,2
AMINE,1
CHAMILLIONAIRE,3
DICK AND DEEDEE,4
MARV JOHNSON,4
CHUCK BERRY AND HIS COMBO,1
SUNNYSIDERS,1
SPICE GIRLS,7
WAILERS,2
JUDY COLLINS,5
THE BOYS,1
KEVIN McCALL,2
BAAUER,1
ADAM ANT,3
THE THRONE,2
FELIX CAVALIERE,1
B. BUMBLE AND THE STINGERS,2
LISA LISA AND THE CULT JAM,2
DEE CLARK,6
CONCRETE BLONDE,1
TOAD THE WET SPROCKET,3
MARIO WINANS,2
THE SOUL SURVIVORS,2
RAYDIO,3
BARBARA ACKLIN,1
JIMMY CLIFF,2
CLINT BLACK,1
DOROTHY SHAY,2
IKE,3
JODY WATLEY,7
SHAWTY LO,1
SLY AND THE FAMILY STONE,10
TOM PETTY AND THE HEARTBREAKERS with STEVIE NICKS,1
CRISPIAN ST. PETERS,1
JULIUS LaROSA,7
THEM,2
HOLLIES,3
RADIOHEAD,2
KENNY G with PEABO BRYSON,1
CHER LLOYD,2
SKYLINERS,3
THE QUIN-TONES,1
FREDDY FENDER,4
JA RULE,13
DAVID A. STEWART,1
CANDY DULFER,1
THE SHONDELLS,3
P.O.D.,1
"JA RULE feat. CHARLI ""CHUCK"" BALTIMORE",1
YUNG JOC,4
TOMMY MERCER,2
RIP CHORDS,2
BUDDY KNOX,1
THE LOVIN' SPOONFUL,5
TENNESSEE ERNIE FORD,5
CYNDI LAUPER,10
POZO-SECO SINGERS,1
BOX TOPS,2
SAIGON KICK,1
ROD STEWART with THE FACES,1
FOXES,1
TAMMI TERRELL,6
CHRIS REA,1
PETER,16
PAUL AND MARY,11
MEN AT LARGE,1
BLACK CROWES,2
CHERYL LYNN,1
EAMON,2
BONNIE TYLER,3
KOOL MOE DEE,1
ARTHUR CONLEY,3
JOHNNY TILLOTSON,14
DANNY O'KEEFE,1
CROSBY STILLS AND NASH,1
THE GADABOUTS,1
HOTLEGS,1
JACKY NOGUEZ ORCHESTRA,1
QUAVO,5
THE CARTERS,1
COLOR ME BADD,9
TRIO,5
FAITH NO MORE,1
SHAWN MULLINS,1
THE MORMON TABERNACLE CHOIR,1
JIMMY COZIER,1
VITAMIN C,2
DICK HYMAN,1
DAVID GEDDES,2
PHIL HARRIS,7
SAM AND DAVE,2
THE KALIN TWINS,2
MORRIS DAY,1
BEENIE MAN,3
THE CLIQUE,1
THE PONI-TAILS,1
KISS,9
NICOLETTE LARSON,1
SKYLARKS,4
EDSELS,1
THE FOUR ESQUIRES,1
BONNIE LOU,1
ABE LYMAN,4
ROSE BLANE,4
DAVID WHITFIELD,5
LeANN RIMES,7
NOTORIOUS B.I.G.,2
JOAN JETT AND THE BLACKHEARTS,7
STEPHEN BISHOP,4
LITTLE JOEY AND THE FLIPS,1
THE MORGANAIRES,3
KENNY ROGERS,25
THE FIRST EDITION,6
DAN HARTMANN,1
THE JIMMY DORSEY ORCHESTRA,2
BILLY LEACH,3
K.C.,3
THE SUNSHINE BAND,3
BODEANS,1
PLASTIC ONO BAND,3
THE SMASHING PUMPKINS,2
FERRANTE,3
TEICHER,3
THE AMBOY DUKES,1
THE OAK RIDGE BOYS,1
THE YELLOW BALLOON,1
LOU BUSCH AND HIS ORCHESTRA,1
D12,1
THE O'JAYS,5
HUNTER HAYES,2
BILLY OCEAN,12
THE SPRINGFIELDS,1
SISQO,4
ALEXANDRA STAN,1
DAVID ROSE AND HIS ORCHESTRA,1
LUNIZ,1
DON SHIRLEY TRIO,1
NAUGHTY BY NATURE,4
EDDIE COOLEY AND THE DIMPLES,1
LOLITA,1
GUESS WHO,12
ROBBIE NEVIL,6
JAN,9
DEAN,10
ANGIE MARTINEZ feat LIL' MO,1
SACARIO,1
JULIAN LENNON,4
MASTER P,3
PIMP C AND THE SHOCKER,2
IRON HORSE,1
CLARK SISTERS,4
TIMOTHY B. SCHMIT,1
GRATEFUL DEAD,1
DONNY,3
DENISE WILLIAMS,3
JORDAN SMITH,3
ESTER DEAN,1
IGGY AZALEA,6
THE FOUR SEASONS,14
BELMONTS,1
WILSON PHILLIPS,7
SON BY FOUR,1
BREAD,12
ARCADIA,2
THE IMPRESSIONS,8
SIX HITS,1
A MISS,1
LIFEHOUSE,5
FLOYD CRAMER,4
NEON PHILHARMONIC,1
DAVE MASON,2
RUFF ENDZ,1
KELLY PRICE,2
TOMMY PAGE,2
MARIO,3
TANYA TUCKER,1
OFFSET,4
METRO BOOMIN,3
FRANK GALLOP,1
HARRY PRIME,4
CREEDENCE CLEARWATER REVIVAL,14
MAXI PRIEST,5
SHAGGY,4
WYCLEF JEAN,6
FOUR TUNES,3
RICK JAMES,5
TONY SHERIDAN,1
STARLAND VOCAL BAND,1
BRADLEY COOPER,1
DAVE MATTHEWS BAND,4
GARY WRIGHT,3
NAKED EYES,4
THE DREAM,1
UTOPIA,1
MAGOO,1
THE VOGUES,3
GEORGIA GIBBS,11
THE FOUR PREPS,3
KARYN WHITE,5
CECE PENISTON,1
BARBARA MASON,4
RIVIERAS,1
PETER WOLF,3
KID INK,2
CHIS BROWN,1
ROCKY BURNETTE,1
TEX WILLIAMS,1
BLU CANTRELL,1
EL CHICANO,2
DUSTIN LYNCH,2
THE FOUR LADS,10
FANCY,2
MIKKY EKKO,1
STEEL BREEZE,2
MITCH MILLER,4
AL JENNINGS,1
MITCH MILLER AND HIS ORCHESTRA AND CHORUS,4
FORTUNES,3
BARBARA GEORGE,1
FRANKIE FORD,1
SUPERCAT,1
TRILLVILLE,1
SYNCH,1
OLIVIA NEWTON-JOHN with JOHN TRAVOLTA,1
DEANE HAWLEY,1
UNDISPUTED TRUTH,1
DON COSTA,2
RITA ORA,1
DANTE AND THE EVERGREENS,1
MANFRED MANN,4
NAS,7
DEBBY BOONE,1
MAX,2
STANDELLS,1
DAVID SOUL,1
JOHNNY CASH,10
CHEECH,1
CHONG,1
BOYS DON'T CRY,1
THE VINCE GUARALDI TRIO,1
JON AND ROBIN AND THE ON CROWD,1
INTRIGUES,1
SPANDAU BALLET,3
FAITH EVANS,10
112,13
D.R.A.M.,1
LIL YACHTY,2
CHEECH AND CHONG,2
NILSSON,8
JIMMY ELLEDGE,1
THE CLASSICS IV,3
SMASHING PUMPKINS,2
GORDON,5
EDDIE RABBITT,7
TOMMY TUCKER,4
AMY ARNELL,3
THE VOICES 3,3
PEBBLES,4
ATLANTIC RHYTHM SECTION,1
CHAMP BUTLER,2
MEREDITH BROOKS,1
RAMSEY LEWIS,2
TIMMY T,2
THE SWEET,1
THE CATARACS,1
DEV,3
DAN REED NETWORK,1
SANDY POSEY,4
ART MOONEY,8
TEAGARDEN,1
VAN WINKLE,1
LOVE UNLIMITED,2
CHASE,1
PROCOL HARUM,3
THIN LIZZY,1
RHYTHM HERITAGE,2
FREDDY KING,1
PHOTOGLO,1
BOBBY BROWN,10
BB MAK,1
FUNKADELIC,1
CALVIN HARRIS feat PHARRELL WILLIAMS,1
HAL McINTYRE,2
LeTOYA,1
OUTFIELD,4
SOLOMON BURKE,5
KRAYZIE BONE,1
ECHOSMITH,2
B.W,1
STEVENSON,1
GARY PUCKETT,4
THE UNION GAP,4
CHRIS STAPLETON,2
GROOVE THEORY,1
ROB BASE,1
DJ E-Z ROCK,1
THE McGUIRE SISTERS,8
LAWRENCE WELK AND HIS CHAMPAGNE MUSIC,1
JOHNNIE AND JOE,1
STEVE PERRY,5
CHRIS MONTEZ,5
LEONA LEWIS,3
PARTLAND BROTHERS,1
THE COMMODORES,7
THE FAMILY feat THE NOTORIOUS B.I.G.,2
SNOOP DOGGY DOGG,2
LOUIS PRIMA,7
KEELY SMITH,2
GRACIE FIELDS,1
SKID ROW,2
CASSADEE POPE,3
GLADYS KNIGHT,1
CHAKA KHAN,8
SANTO,2
JOHNNY,2
THE ROOTS,2
GLENN MEDEIROS,3
MARY MacGREGOR,2
NEW SEEKERS,1
THE SANDPIPERS,1
BLUE BARRON,3
CLYDE BURKE,2
EVANESCENCE,2
ALEXANDER O'NEAL,3
GIGGS,1
MAMA CASS,2
PHOEBE SNOW,2
AL HENDRICKSON,3
MARY MARTIN,2
CAMARATA,4
GINO AND GINA,1
BILL HAYES,2
JOHN MICHAEL MONTGOMERY,3
THE BOX TOPS,5
SPEED OF SOUND,1
DONNY HATHAWAY,2
RICK NELSON,11
DINAH WASHINGTON,8
VOGUES,5
LITTLE STEVIE WONDER,2
CANNED HEAT,3
KEITH WASHINGTON,1
DARIUS RUCKER,5
GARY US B0NDS,1
BRYAN ADAMS,22
RANDY AND THE RAINDROPS,1
WESTSIDE CONNECTION feat NATE DOGG,1
HIS ORCHESTRA with BARRY GORDON,1
LE ROUX,1
MELLOW MAN ACE,1
FABOLOUS,8
THE ANIMALS,2
OZARK MOUNTAIN DAREDEVILS,2
SISTER HAZEL,1
RANDY MEISNER,3
B.B. KING,4
JONES GIRLS,1
SULLY MASON,2
TORY LANEZ,2
JOHNNY DEE (JOHN D. LOUDERMILK),1
TODD RUNDGREN,4
NELLY feat KYJUAN,1
ALI,2
THE CORRS,1
BROTHER BONES AND HIS SHADOWS,3
STEPHEN STILLS,2
HORST JANKOWSKI,1
LMFAO,3
LAUREN BENNETT,1
GOONROCK,1
LIL' ZANE,2
MUPPETS,1
MAXWELL,4
ESTHER PHILLIPS,1
GEORGE LAMOND,1
JOHN PHILLIPS,1
DAVID BANNER,2
JAZMINE SULLIVAN,2
MEL CARTER,3
THE EQUALS,1
BILL CONTI,1
CHARLES WRIGHT,2
WATTS 103RD STREET RHYTHM BAND,3
YOLANDA BE COOL,1
DCUP,1
LINK,1
EDWIN HAWKINS SINGERS,1
BRAT PACK,1
KIM WESTON,1
SANFORD CLARK,1
HUES CORPORATION,2
BRUCE COCKBURN,1
THE FIXX,5
NEXT,5
YING YANG TWINS,4
BUSTA RHYMES,10
JANIE GRANT,1
PEOPLE'S CHOICE,1
ROZES,1
COZY COLE,3
THE FIVE MAN ELECTRICAL BAND,1
STATIC MAJOR,1
NKOTB (NEW KIDS ON THE BLOCK),1
RED HOT CHILI PEPPERS,8
FREDDIE STEWART,3
JANET feat BLACKSTREET,1
JACK LATHROP,1
2PAC,8
KC AND JOJO,1
THE STORM,1
RUSS IRWIN,1
ARGENT,1
ART OF NOISE with MAX HEADROOM,1
DNCE,1
SKIP NELSON,8
THE MONOTONES,1
EAGLE-EYE CHERRY,1
TOWER OF POWER,1
6IX9INE,4
MURDA BEATZ,1
THE JOHNNY OTIS SHOW,1
"ORAN ""JUICE"" JONES",1
SOKO,1
PAT BENATAR,16
TOVE LO,4
VINCE MARTIN AND THE TARRIERS,1
DANIEL BOONE,1
BLUE SUEDE,1
PETER GABRIEL,5
THE MUSIC MAKERS,1
TONEY CAREY,1
ERNIE CACERAS,1
SHAUN CASSIDY,4
BTS,3
THE LOVE UNLIMITED ORCHESTRA,1
ESTELLE,1
INDECENT OBSESSION,1
THE COOKIES,3
FATHER MC,1
GERALD LEVERT,4
BILLY JOE AND THE CHECKMATES,1
JACK TETER TRIO,3
BLONDIE,8
MICHEL'LE,3
WAYNE FONTANA AND THE MINDBENDERS,1
MARILYN DUKE,2
GERARDO,2
DEEP PURPLE,3
G-UNIT,2
PLAYBOI CARTI,1
DAVE DUDLEY,1
COWBOY CHURCH SUNDAY SCHOOL,1
JUNIOR WALKER AND THE ALL STARS,3
SOULJA BOY TELL'EM,4
BOB VINCENT,1
THE BAY CITY ROLLERS,3
RUSTY DRAPER,6
CHESNEY HAWKES,1
JACKIE ROSS,1
TRAVIE McCOY,2
STILLS,3
NASH AND YOUNG,2
CAT MOTHER,1
THE ALL NIGHT NEWSBOYS,1
8TH DAY,1
ANITA BRYANT,4
THE HONEY CONE,2
KING HARVEST,1
ANDY RUSSELL,10
BOBBY BLAND,4
TQ,1
THE PARTRIDGE FAMILY starring SHIRLEY JONES,1
THE HAPPENINGS,3
ERUPTION,1
AMES BROTHERS,12
2 PISTOLS,1
TAY DIZM,1
KIM CARNES,9
PREZ PRADO AND HIS ORCHESTRA,1
AL HIRT,3
DRAMATICS,1
THE FOUR ACES,3
AL ALBERTS,3
STONEWALL JACKSON,1
ALESSIA CARA,4
THE RASCALS,3
McCOYS,3
THE TECHNIQUES,1
FAMOUS DEX,1
MICKEY AND SYLVIA,1
SUE THOMPSON,5
ANITA WARD,1
BILLY J KRAMER,3
THE DAKOTAS,3
DO OR DIE,1
PATTI LaBELLE AND HER BLUE BELLES,1
DARRELL BANKS,1
SHEP,1
THE LIMELITES,1
JOE JONAS,2
LA BOUCHE,2
LYFE JENNINGS,2
SHIRELLES,4
JEANNIE BLACK,1
TECHNOTRONIC,3
YA KID K,1
TRIUMPH,1
TONY PASTOR,2
DORSEY ANDERSON,1
KODAK BLACK,5
PUDDLE OF MUDD,2
MAMAS AND THE PAPAS,3
TIM McGRAW with TAYLOR SWIFT,1
ONEREPUBLIC,9
GEORGE BENSON,7
TYLER COLLINS,1
JESSIE HILL,1
BOB SEGER AND THE SILVER BULLET BAND,7
J. GEILS BAND,2
TERRY STAFFORD,2
MARIO WINANS with P. DIDDY,1
DANNY WILSON,1
FACE TO FACE,1
ROGER,1
MICHAEL MURPHEY,3
STONE CANYON BAND,1
CYNDI GRECCO,1
THE CHI-LITES,4
JOYCE KENNEDY,1
JEFFREY OSBOURNE,1
WILLIE MITCHELL,2
PHARRELL,4
LARRY GREEN,5
MEEK MILL,2
BULAWAYO SWEET RHYTHMS BAND,1
EVE 6,2
PABLO CRUISE,5
ADAM CLAYTON,1
LARRY MULLEN,1
LUTHER VANDROSS,12
MARTIKA,4
DEXYS MIDNIGHT RUNNERS,1
EDDIE RABBITT with CRYSTAL GAYLE,1
THE MARVELLETTES,1
THE BREAKFAST CLUB,1
THE FLARES,1
TYLER FARR,1
YUNG BERG,3
REX SMITH,2
JOHNNY LEE,1
VANESSA CARLTON,2
RAY PETERSON,4
HOOTIE AND THE BLOWFISH,6
STRAWBERRY ALARM CLOCK,1
CEE LO GREEN,1
MARIANNE FAITHFULL,4
HADDAWAY,1
JIMMY WAKELY,6
JOHNNY WAKELIN AND THE KINSHASA BAND,1
BECKY G,1
THE CORSAIRS,1
"JAY ""BIRD"" UZZELL",1
JAMES GILREATH,1
REUNION,1
NIKKI,1
DENNIS COFFEY AND THE DETROIT GUITAR BAND,2
BIG,1
RICH,1
STEVIE NICKS,9
TONI FISHER,1
VAN MORRISON,5
SAMMY HAGAR,4
BRIAN McKNIGHT,6
TONE,1
KOBE BRYANT,1
CHUMBAWAMBA,1
ORIGINAL CASTE,1
BILL HALEY,5
THE COMETS,4
BETTE MIDLER,9
CARPENTERS,11
TOMMY SANDS,2
BILL DEL,1
BARRETT STRONG,1
DISHWALLA,1
CURTIS STIGERS,1
TWEET,2
PINK FLOYD,2
BUSH,2
MIKE RENO,1
GROVER WASHINGTON JR.,1
NICK LOWE,1
ANITA BAKER,5
ANDRE 3000,2
THE LETTERMEN,4
STACEY Q,2
SONG SPINNERS,3
MISSY ELLIOTT,7
NIRVANA,2
FUN.,3
JANELLE MONAE,1
NOREAGA,1
NINO TEMPO,4
APRIL STEVENS,5
THE CHORDS,1
ALL-4-ONE,4
THE SANDPEBBLES,1
DREAM,2
MAYNARD FERGUSON,1
THE VILLAGE STOMPERS,1
TERENCE TRENT D'ARBY,3
DICK,1
DEEDEE,1
THE TARRIERS,1
SOUNDS ORCHESTRAL,1
THE JACKSONS,2
MATCHBOX 20,3
ASHLEE SIMPSON,4
JOE NICHOLS,5
GEORGE BAKER SELECTION,2
ANDREA TRUE CONNECTION,1
WE FIVE,2
I LOVE MAKONNEN,1
CORBIN BLEU,1
HONDELLS,1
ALIVE AND KICKING,1
FREDDIE SCOTT,2
WILLIAM KAPELL,2
NITEFLYTE,1
JOHN D. LOUDERMILK,1
LITTLE DIPPERS,1
FLAMING EMBER,3
EDDIE HEYWOOD,1
J.J. FAD,1
LIL PEEP,1
JOHNNY BURNETTE,4
EDDIE WILCOX ORCHESTRA,2
SUNNY GALE,2
JIMMY JONES,2
MEAT LOAF,6
GINUWINE,5
BETTYE SWANN,2
PEARL BAILEY,2
LENNY WELCH,3
"JIMMY ""BO"" HORNE",1
JIGSAW,2
CLIVE GRIFFIN,1
JOSE FELICIANO,2
T.G. SHEPPARD,1
CHUCK BROWN,1
THE SOUL SEARCHERS,1
LINDA SCOTT,3
THE SOPWITH CAMEL,1
TOMMY DEE,1
CON FUNK SHUN,2
DESMOND DEKKER,1
THE JAYHAWKS,1
GRACE POTTER,1
BARRY AND THE TAMARLANES,1
SMOOTH,1
ED FROM GOOD BURGER,1
"JA RULE feat CHARLI ""CHUCK"" BALTIMORE",1
DIRTY VEGAS,1
FERGIE,9
FRIJID PINK,1
FERRANTE AND TEICHER,2
CHIFFONS,1
THE LEMON PIPERS,1
MURPHY LEE feat JERMAINE DUPRI,1
C,4
C MUSIC FACTORY,3
TOM COCHRANE,1
LILY ALLEN,1
JACK JOHNSON,2
JON BON JOVI,2
VERA LYNN,3
DeJOHN SISTERS,2
DONNA,3
HER DON JUANS,2
DIDO,2
SUZANNE VEGA,1
MEN WITHOUT HATS,2
ALLURE,2
JEREMY JORDAN,3
SWIZZ BEATS,1
YVONNE KING,2
JACK JONES,5
GENE COTTON with KIM CARNES,1
WRECKX-N-EFFECT,1
MIKE AND THE MECHANICS,4
AXEL STARDAHL,3
SAMMI SMITH,1
RALPH FLANAGAN,4
PSEUDO ECHO,1
DESIIGNER,3
ANTON KARAS,2
NEWBEATS,2
TEX RITTER,4
THE SHIRELLES,7
SECONDHAND SERENADE,1
PATRICK SIMMONS,1
LAWRENCE WELK AND HIS SPARKLING SEPTET,1
ROACHFORD,1
THE TYMES,5
METHOD MAN,3
THE STRAWBERRY ALARM CLOCK,1
THE DELFONICS,3
YOUNG MC,1
THE SCRIPT,4
LOREENA McKENNITT,1
RONALD ISLEY,2
JOHNNY BRISTOL,1
KENNY ROBERTS,1
IMAJIN,1
KEITH MURRAY,1
VISCOUNTS,1
MINDBENDERS,1
TRADE WINDS,1
ILOVEMEMPHIS,1
TONI BASIL,1
RITA PAVONE,1
DAMN YANKEES,2
PURE PRAIRIE LEAGUE,4
LITTLE JIMMY OSMOND with THE MIKE CURB CONGREGATION,1
THE HARRY SIMEON CHORALE,3
ROY HAMILTON,3
THE FAMOUS FLAMES,1
PROFYLE,1
TRAMMPS,2
GNARLS BARKLEY,1
BROTHERS JOHNSON,2
CORONA,1
THE CASINOS,1
THE STATUS QUO,1
TONE LOC,2
HIS ORCHESTR,2
BEVERLY BREMERS,2
FAITH HILL,9
MICKEY LEE LANE,1
NERVOUS NORVUS,1
WHAM!,3
HOAGY CARMICHAEL,3
CASS DALEY,1
HONEY CONE,2
JOHN LENNON,10
SWEDISH HOUSE MAFIA,1
JOHN MARTIN,1
LEN,1
RAY BOLGER,5
ETHEL MERMAN,3
JAN BRADLEY,1
SLY FOX,1
CLEAN BANDIT,2
MAX FROST AND THE TROOPERS,1
ANNETTE,3
JOEY LAWRENCE,1
HAL DERWIN,2
BUGGLES,1
BIG COUNTRY,1
THREE DEGREES,3
AVERAGE WHITE BAND,4
MERRIL BAINBRIDGE,1
OSMONDS,4
RICHIE FURAY,1
THE PARADE,1
BALTIMORA,1
THE DEELE,1
EL DeBARGE,1
MODERNAIRES,3
PAULA KELLY,3
BASIA,2
BILLY VAUGHN ORCHESTRA,3
MARY J BLIGE,3
BLIND MELON,1
INK SPOTS,9
BIG TIGGER,1
GOLDEN EARRING,2
SIOUXSIE AND THE BANSHEES,1
TRIPPIE REDD,1
BRUCE HORNSBY,2
SAFARIS,1
ANNETTE with THE AFTERBEATS,1
THE ISLEY BROTHERS,4
BONE THUGS-N-HARMONY,6
THALIA,1
D-12,2
DON,1
DICK AND JIMMY,1
ALIAS,2
OXO,1
DODIE STEVENS,1
LITTLE ANTHONY,4
THE IMPERIALS,4
KEN GRIFFIN,2
GARY PUCKETT AND THE UNION GAP,2
MARTIN PAGE,1
CYRIL STAPLETON AND HIS ORCHESTRA,2
MARK SALLING,1
MATISYAHU,1
FOUR PREPS,3
WARRANT,5
TARA KEMP,2
BRUCE HORNSBY AND THE RANGE,5
4PM,1
TEDDI KING,1
DARLENE LOVE,2
LIL' KIM,9
MARGIE RAYBURN,1
LITTLE BIG TOWN,4
STEALERS WHEEL,2
GIANT STEPS,1
NINE DAYS,3
SHEB WOOLEY,1
DE LA SOUL,2
SIMPLE PLAN,2
LUCAS,1
ROY BROWN,1
ROBERT ELLIS ORRALL with CARLENE CARTER,1
ACE OF BASE,7
DIVINE,2
PAUL ANKA - GEORGE HAMILTON IV - JOHNNY NASH,1
WARREN G,7
LEE DORSEY,5
LITTLE ANTHONY AND THE IMPERIALS,3
JR. WALKER AND THE ALL STARS,3
VILLAGE PEOPLE,2
LISA KEITH,1
DON RONDO,2
CRIME MOB,1
LIL SCRAPPY,3
LARRY WILLIAMS,2
MIKE WILL MADE-IT feat MILEY CYRUS,1
JUICY J,7
GLENN YARBROUGH,1
TERRY GILKYSON AND THE EASY RIDERS,1
RUNT,1
ALVINO RAY,2
THE FOUR KING SISTERS,2
FANNY,2
MONIFAH,2
THE TURBANS,1
URIAH HEEP,1
SOHO,1
JT MONEY,2
SOLE,2
LASGO,1
PATSY CLINE,4
GOOD CHARLOTTE feat M. SHADOWS,1
SYNYSTER GATES,1
EVERCLEAR,1
DIXIE CUPS,4
JAMES BROWN AND THE FAMOUS FLAMES,8
COLBIE CAILLAT,4
MAUREEN McGOVERN,2
MARION MORGAN,1
LONNIE DONEGAN,1
GERTRUDE NIESEN,1
HAMILTON,3
JOE FRANK,3
REYNOLDS,3
THE SECRETS,1
BRANDY 'MS. B' HAMBRICK,1
LOU RAWLS,6
THE KING SISTERS with VOCAL CHORUS,1
WHISPERS,3
STARGARD,1
ERIC CLAPTON AND HIS BAND,1
JAMES AND BOBBY PURIFY,3
JAY ROCK,1
JAMES BLAKE,1
BENJAMIN ORR,1
FOUR LADS,3
THE SILHOUETTES,1
RAINBOW,1
JAZZY JEFF,1
THE FRESH PRINCE,4
MICHAEL JOHNSON,3
CHARLIE PUTH,6
IGGY AZALEA or PITBULL,1
JOHNNY ACE,1
REMY MA,1
LIL' ROMEO,1
CHIMES,2
ZAYN,2
LIL ROB,1
YARBROUGH,1
PEOPLES,1
CHEAP TRICK,8
BILLY ECKSTINE,6
MARIA MULDAUR,2
ALOE BLACC,1
LEN BARRY,2
TOBY BEAU,1
DJ JAZZY JEFF,3
WIND,2
FIRE,1
EMOTIONS,2
RACHEL PLATTEN,2
RICKY ZAHND AND THE BLUE JEANERS,1
TRUTH HURTS,1
RAKIM,2
ROBIN THICKE,3
STEREO MC'S,1
SALT-N-PEPA,7
BOB LIND,1
SKIP MARLEY,1
WANDA JACKSON,3
EVELYN 'CHAMPAGNE' KING,1
SQUEEZE,2
DAFT PUNK,3
PHARRELL WILLIAMS,4
CERRONE,1
KNICKERBOCKERS,1
THE-DREAM,5
DONNA W,1
POPPY FAMILY,2
MASTA ACE INCORPORATED,1
NEW KIDS ON THE BLOCK,10
MARY HOPKIN,3
HOT BUTTER,1
JHENE AIKO,2
PRODIGY,1
ALL SAINTS,2
MR. CHEEKS,2
DEBELAH MORGAN,1
BARBARA FAIRCHILD,1
RONNIE DEAUVILLE,6
ANDREW GOLD,2
FRANK STALLONE,1
FERLIN HUSKY,3
NASH,1
R.B. GREAVES,2
BLUE MAGIC,2
LEVEL 42,2
BUSTER BROWN,1
REMBRANDTS,1
EL CHOMBO,1
CHRISTINA AGUILERA feat LIL' KIM,1
CASHA,1
JILL COREY,2
DOLLY PARTON,9
MATTHEW SANTOS,1
CHIC,5
THE CHORDETTES,7
HEATWAVE,3
ETERNAL,1
LAURIE SISTERS,1
ROBERT MILES,1
VOICES OF THEORY,2
STING,13
WARREN ZEVON,1
AFTER 7,5
JIBBS,1
CASCADA,2
YAEL NAIM,1
JIMMY CLANTON AND HIS ROCKETS,1
BETTY HARRIS,1
GETO BOYS,2
EMERSON DRIVE,2
.38 SPECIAL,3
KEHLANI,1
MAC DAVIS,4
SYNDICATE OF SOUND,1
KYLE,1
PRESTON EPPS,1
CLASH,1
EXPOSE,10
RED FOLEY,2
GARTH BROOKS as CHRIS GAINES,1
LaVERN BAKER AND THE GLIDERS,1
MODELS,1
INOJ,2
LATHUN,1
SYLVESTER,3
JOY LAYNE,1
SOMETHIN' SMITH,1
THE REDHEADS,1
IMPALAS,1
HONEYDRIPPERS,2
ART MOONEY ORCHESTRA,1
10CC,3
MELANIE with EDWIN HAWKINS SINGERS,1
SLICK RICK,1
JIMMY WAYNE,2
JAY AND THE AMERICANS,7
JACKIE DeSHANNON,3
ELLA MAI,2
MAC McANALLY,1
BOY GEORGE,2
BILLY JOE ROYAL,4
JANE POWELL,1
LIONEL HAMPTON,2
HAMPTONES,1
KING FLOYD,2
THE NEW COLONY SIX,1
GUNNA,2
MERLE HAGGARD,1
MARILYN McCOO,2
BILLY DAVIS JR.,2
CHRIS YOUNG,4
JOHNNY STANDLEY,1
ENRIQUE IGLESIAS with USHER,1
FRIEND AND A LOVER,1
THE PARTRIDGE FAMILY,3
ANIMOTION,3
ROMANTICS,2
ELVIS COSTELLO,1
K7,1
AFROJACK,2
NAYER,1
BILLY GRAMMER,1
BIG MOUNTAIN,1
PAPER LACE,1
TEDDY GEIGER,1
TRINI LOPEZ,4
ANDY TAYLOR,1
KING CURTIS,1
NEON TREES,2
CHARLES LaVERE,2
KEITH BARBOUR,1
TRICK DADDY,4
KIRKO BANGZ,1
SPORTY THIEVZ,1
MR. WOODS,1
THE BLUE-BELLES (THE STARLETS),1
RED DORRIS,1
AWOLNATION,1
LORDE,4
GRASS ROOTS,7
DAVID LASLEY,1
FRIENDS OF DISTINCTION,3
PRETENDERS,5
AZ,1
THE JIVE BOMBERS,1
CHANTE MOORE,1
RANDY STARR,1
JIMMY GILMER AND THE FIREBALLS,2
TYRESE,5
GEORGE MAHARIS,1
THE DELLS,6
CHUCK WILLIS,4
AMERIE,2
KATRINA AND THE WAVES,3
CARLETON CARPENTER,1
CHINGY,5
LESLIE PEARL,1
DENNIS YOST,2
SYLEENA JOHNSON,1
JODY MILLER,2
VAN STEPHENSON,1
EDDIE LAWRENCE,1
JERRY WAYNE,1
RITCHIE FAMILY,1
CHEB MAMI,1
IVAN NEVILLE,1
SHAWN COLVIN,1
KENT JONES,1
ARCHIE BELL AND THE DRELLS,3
HOT CHELLE RAE,2
LEON HAYWOOD,1
THE EASYBEATS,1
NICK JONAS,3
STAIND,2
LLOYD BANKS,3
CASHIS,1
THE SCENE,5
THE DUALS,1
ROGER WHITTAKER,1
ISLEY BROTHERS feat RONALD ISLEY aka MR. BIGGS,1
JIMMY CLANTON,6
LENNY KRAVITZ,5
RUFUS,9
BOB KUBAN,1
THE IN-MEN,1
VELVETS,1
THE YOUNG HOLT TRIO,1
JENNIFER LOPEZ feat LL COOL J,1
THE TEENAGERS,1
FRANKIE LYMON,1
THE RASPBERRIES,3
AQUA,2
CHARMS,4
THE ALL-AMERICAN REJECTS,3
TONY ORLANDO AND DAWN,1
FEIST,1
BIG SNOOP DOGG,1
THE DAZZ BAND,1
MARK VALENTINO,1
M.F.S.B.,1
KING COLE TRIO,6
MUSE,1
BULLET,1
TACO,1
PATRICK SWAYZE,2
WENDY FRAZER,1
GYM CLASS HEROES,4
NEON HITCH,1
PETE WINGFIELD,1
ALAN O'DAY,1
JOHNNY MAESTRO,2
THE CHURCH,1
TOYA,2
YOUNGBLOODZ,2
THE BUSTERS,1
THE TUNE WEAVERS,1
JIMMY GILMER,1
THE FIREBALLS,3
BRETT YOUNG,2
TALKING HEADS,2
DEE DEE SHARP,5
MARVELETTES,2
SAPPHIRES,1
SIXPENCE NONE THE RICHER,2
STONE SOUR,1
PLAYAZ CIRCLE,1
FRAN WARREN,1
JON B,3
LIZ PHAIR,1
SAMMY DAVIS JNR.,2
MARMALADE,1
EVAN AND JARON,1
LEO SAYER,8
THE RAIDERS,1
ALLMAN BROTHERS BAND,2
STUART HAMBLEN,1
RUFUS AND CHAKA KHAN,1
ELO,3
MARY MARLOW,1
RUSS HAMILTON,1
BLACKOUT ALLSTARS,1
THE CRYSTALS,4
THOMAS RHETT,6
FRANK J. WILSON,1
COCK ROBIN,1
LOU GRAMM,3
JAMES BAY,1
BUFFALO SPRINGFIELD,1
JOE 'FINGERS' CARR,6
THE RAN-DELLS,1
GILBERT O'SULLIVAN,5
LOGGINS AND MESSINA,2
LEE HAZELWOOD,3
SHERIFF,1
BUCKNER AND GARCIA,1
LOVE AND THEFT,1
T-WAYNE,1
YOUNG RASCALS,2
EDDIE COCHRAN,3
CLIMAX,1
CORNELIUS BROTHERS AND SISTER ROSE,3
DON JOHNSON,2
RED INGLE,1
NATURAL SEVEN,1
TEN YEARS AFTER,1
KANE BROWN,2
LAUREN ALAINA,2
EXILE,2
GEORGIA CARROLL,1
DAVID BALL,2
ANDY GRAMMER,1
THE VOLUMES,1
BUBBLE PUPPY,1
GODLEY,1
CREME,1
M,2
A,1
R,2
S,2
BLACK OAK ARKANSAS,1
JOHNNY HATES JAZZ,2
DMX,3
SHEEK OF THE LOX,1
BREATHE CAROLINA,1
JARMELS,1
ERNIE MARESCA,1
ED AMES,2
JODECI,8
MARTY BALIN,2
THE KEN LANE SINGERS,2
MARTINA McBRIDE,7
RICK PINETTE,1
OAK,1
THE VILLAGE PEOPLE,2
LIL' MO,5
THE ROVER BOYS,1
TWO IN A ROOM,1
LOST BOYZ,1
SPORTSMEN,5
CATE BROTHERS,1
FIRST EDITION,1
ARETHA FRANKLIN with THE DIXIE FLYERS,1
JAMES BROWN AND FAMOUS FLAMES,1
HERBIE MANN,2
BREAKING BENJAMIN,1
CRASH TEST DUMMIES,1
REDEYE,1
COUNTING CROWS,2
JOHN TAYLOR,1
I-15,1
PATRICK STUMP,1
JOJO,6
RALPH MARTERIE,3
Chaka KHAN,1
THUNDERCLAP NEWMAN,1
EDDIE HOLLAND,1
THE ADDRISI BROTHERS,2
JO DEE MESSINA with TIM McGRAW,1
WILLIAM BELL,1
JEWEL,6
JAMIE O'NEAL,2
THE CHAMBERS BROTHERS,2
BELLE STARS,1
FRANK YANKOVIC,1
CROSS COUNTRY,1
DOORS,2
ALEJANDRO SANZ,1
RICHARD HARRIS,1
KENNY SARGENT,3
BOBBY HAMILTON,1
THE MAGIC LANTERNS,1
FLUME,1
KAI,1
PAUL PETERSEN,2
THE DETROIT EMERALDS,2
DR. BUZZARD'S ORIGINAL SAVANNAH BAND,1
FERKO STRING BAND,1
BUBBA SPARXXX,2
GARY STITES,1
BADFINGER,4
BRENDA K. STARR,2
BOBBY BLOOM,1
ANDY KIM,7
NATALIE,1
THE MONKEES,11
MICK JAGGER,5
AL DEXTER,3
HIS TROOPERS,3
METALLICA,7
THE INDEPENDENTS,1
THE SMALL FACES,1
THE COASTERS,6
DEODATO,1
RUSS CASE,4
LIDELL TOWNSELL,1
SHONTELLE,2
DONNIE IRIS,3
RAY PARKER JR. AND RAYDIO,1
THE HONEYCOMBS,1
HOWARD DULANY,6
DAVE EDMUND'S ROCKPILE,1
KETARA WYATT,1
DEAD OR ALIVE,2
CRAIG MACK,2
VIXEN,2
TOMMY SHANE STEINER,1
KONGOS,1
G.R.L.,1
THE DREAM WEAVERS,2
WEST COAST RAP ALL-STARS,1
PRETTY POISON,2
JERRY VALE,3
PHIL VASSAR,3
CATARACS,1
BELL BIV DeVOE,1
SAGE THE GEMINI,2
LOOKAS,1
S CLUB 7,1
MIKE CLIFFORD,1
SERENDIPITY SINGERS,2
JONATHAN EDWARDS,1
SUGARHILL GANG,1
FOSTER SYLVERS,1
TOTAL feat MISSY ELLIOTT,1
ALL-AMERICAN REJECTS,1
WILL TO POWER,2
MS. TOI,1
LEO DIAMOND,1
ANGELICA,1
EARTHA KITT,3
TREY LORENZ,1
CHAD KROEGER feat JOSEY SCOTT,1
JIMMY SMITH AND THE BIG BAND,1
THE ROBERT CRAY BAND,1
DRS,1
TIMES TWO,1
MANHATTAN TRANSFER,3
ALLAN STORR,2
SUGARLOAF,2
MC LYTE,3
RAY STEVENS,9
THE AFTERBEATS,2
QUAD CITY DJ'S,2
"DAVE ""BABY"" CORTEZ",1
MEAT LOAF with ELLEN FOLEY,1
PHIL RIZZUTO,1
THE CONTOURS,2
ENCHANTMENT,2
CLAY WALKER,2
BEASTIE BOYS,3
THE J. GEILS BAND,7
LFO,2
OUTLAWS,2
ALICE DEEJAY,1
MARK IV,1
JESSI COLTER,1
SARA BAREILLES,3
WHITESNAKE,4
SURFACE,4
PHIL UPCHURCH COMBO,1
RESTLESS HEART,2
THE SEEKERS,1
ELLE KING,1
BILL SNYDER,2
WHISTLING JACK SMITH,1
AARON LINES,1
CHRIS ISAAK,1
LOUIS ARMSTRONG AND HIS ALL-STARS,1
CHRIS WILLIS,1
MR. FORD AND MR. GOON-BONES,2
RONNIE MILSAP,6
MIRANDA LAMBERT duet with CARRIE UNDERWOOD,1
ROBERT PLANT,4
HIGH SCHOOL MUSICAL CAST,1
HIS MUSICAL KNIGHTD,1
GENE WALSH,1
GLEE CLUB,2
JAYE P. MORGAN,5
EXTREME,2
SOULJA SLIM,1
ANDY GRIGGS,2
MANFRED MANN'S EARTHBAND,1
STEVE AND EYDIE,2
RAEKWON,1
IMANI COPPOLA,1
O.T. GENASIS,2
YOUNG DOLPH,1
"MISSY ""MISDEMEANOR"" ELLIOTT feat LUDACRIS",1
JUNG TRU,1
KING JACOB,1
DONELL JONES,2
GREG KIHN BAND,1
PARAMORE,6
KYPER,1
MAEJOR ALI,1
MAD COBRA,1
GLORIA GAYNOR,2
ELLA HENDERSON,1
BILLY WARD AND HIS DOMINOES,3
DIAMONDS,2
JOE HINTON,1
HAYLEY MILLS,3
WAYNE MARCH,1
SHAWNA,1
BILLY FALCON,1
BROOKE VALENTINE,1
BIG BOI,1
YOUNG THUG,5
BRICK,2
THE CURE,3
THE BAND PERRY,4
BUDDY JEWELL,2
GLENN HUGHES,3
SYLVANO MANGANO,2
JENNIFER WARNES,4
JEANNE BLACK,1
THE BLUES MAGOOS,1
WALTER BRENNAN,3
NICK CANNON,1
VERDELLE SMITH,1
THE KILLERS,2
TOBY KEITH duet with WILLIE NELSON,1
THE APPLEJACKS,2
KATE SMITH,5
TA MARA,1
THE SEEN,1
JOHN WILLIAMS,3
EVERY MOTHER'S SON,1
COMPANY B,1
ROBYN,2
ALY,1
AJ,1
HUGO,1
LUIGI,1
FRED KNOBLOCK,2
SYLVERS,1
KIX,1
NEW YORK CITY,1
DIDDY,2
NICOLE SCHERZINGER,2
THE EAST SIDE BOYZ feat YING YANG TWINS,1
GRAHAM NASH,2
BILLY PAUL,2
RICH BOY,1
POLOW DA DON,1
EMILIO PERICOLI,1
JOE DIFFIE,1
CLAY AIKEN,3
TINA ARENA,1
DAVID HOUSTON,1
LAMONT DOZIER,2
CHUCK JACKSON,2
BLUE OYSTER CULT,2
BRYAN FERRY,1
AMY HOLLAND,1
NANCY WILSON,2
REGENTS,2
CLARENCE (FROGMAN) HENRY,2
NICK GILDER,1
JONATHAN BUTLER,1
VARIOUS ARTISTS,4
MOTT THE HOOPLE,1
10,2
000 MANIACS,2
BLACKBEAR,1
PAUL ANKA with ODIA COATES,1
U.N.V.,1
LARRY HALL,1
SHAQUILLE O'NEAL,1
SOUL CHILDREN,1
DELFONICS,3
THE MICHAEL ZAGER BAND,1
CARMEN MIRANDA,3
JADAKISS feat MARIAH CAREY,1
SLADE,2
TRISHA YEARWOOD,1
GAVIN CHRISTOPHER,1
KEITH SWEAT feat SNOOP DOGG,1
HIS CANADIANS,1
LOMBARDO TRIO,1
DELANEY AND BONNIE,1
WILL GLAHE AND HIS ORCHESTRA,1
SNOW,2
JAN AND DEAN,6
ALISON KRAUSS,1
BILLY DEAN,1
BAD MEETS EVIL,2
MELBA MONTGOMERY,1
THE WISEGUYS,1
THREE 6 MAFIA,3
PROJECT PAT,1
YOUNG D,1
SUPERPOWER,1
RED BUTTONS,2
EDDIE FLOYD,3
JUELZ SANTANA,3
ROCHELL AND THE CANDLES,1
INI KAMOZE,1
TINY TIM,1
V.I.C.,1
WAYNE NEWTON,4
THE TRAMMPS,1
MIMS,2
AARON TIPPIN,1
MALO,1
T-BONES,1
QB'S FINEST,1
MERVIN SHINER,2
THE ROSE GARDEN,1
SWINGIN' MEDALLIONS,1
ILUSION,1
WALKER BROTHERS,2
JIM WEATHERLEY,1
TONI ARDEN,1
THE STAPLE SINGERS,5
PETEY PABLO,3
AUDIOSLAVE,2
BUZZ CLIFFORD,1
MOKENSTEF,1
CLEOPATRA,1
ROBIN WARD,1
PARTRIDGE FAMILY,3
BACHMAN-TURNER OVERDRIVE,6
KATHARINE McPHEE,2
THINK,1
LOU STALLMAN,1
YOUNG-HOLT UNLIMITED,1
DeFRANCO FAMILY,1
ALEX CLARE,1
PARADONS,1
WEBB PIERCE,1
JON AND SONDRA STEELE,2
AL BROWN'S TUNETOPPERS,1
JUST US,1
GARLAND GREEN,1
JIMMIE McCRACKLIN AND HIS BAND,1
TOMMY FACENDA,1
NIGEL OLSSON,2
DUNCAN SHEIK,1
MICHAEL MARTIN MURPHEY,1
BOYS,1
20 FINGERS,1
THE BOYZ,2
OL' DIRTY BASTARD,1
KELIS,3
THE HUMAN BEINZ,1
THE TYMPANY FIVE,2
ORIGINALS,2
RUTH B,1
LOS LOBOS,2
"JOHN ZACHERLE ""THE COOL GHOUL""",1
JAMES RAY,1
JAY,3
THE AMERICANS,3
LIPPS INC.,1
WALE,2
MIGUEL,6
GORILLAZ,1
CROWS,1
US 3,1
MEL,1
TIM,1
HUEY LEWIS,1
THE NEWS,1
JOAN BAEZ,2
YG,3
KUT KLOSE,1
EDEN'S CRUSH,1
FREAK NASTY,1
CHEERS,3
PLAYA,1
TATU,1
RANDY HOUSER,1
TEDDY PENDERGRASS,2
BABYFACE feat LL COOL J,1
HOWARD HEWETT,1
JEF,1
JIM MESSINA,1
FLASH,1
DONNY AND MARIE OSMOND,1
DARA SEDAKA,1
ROB THOMAS,3
ROBERT JOHN,3
THE GEORGIA SATELLITES,1
NATE DOGG,6
YELLOWCARD,1
CAROLE BAYER SAGER,1
MICKEY NEWBURY,1
MARLIN SISTERS,2
JIMMY BOYD,2
CAST OF CAMP ROCK,1
CYNDI THOMSON,1
TOMMY SHAW,1
CHANCE THE RAPPER,3
BETTY BREWER,2
BOYS CLUB,1
DOMINO,2
M PEOPLE,1
THE RINKY DINKS (BOBBY DARIN),1
THE ROMANTICS,1
THE AMERICAN BREED,3
FRANK OCEAN,2
THE DUPREES,4
MOTHERLOAD,1
JOHN WAITE,3
ALANA DAVIS,1
BREWER,1
SHIPLEY,1
THE JIMI HENDRIX EXPERIENCE,1
2CELLOS,1
HARPER'S BIZARRE,1
ROBIN LUKE,1
JIMMY CASTOR BUNCH,1
BLACKFOOT,2
BLOW MONKEYS,1
BERTIE HIGGINS,1
DOROTHY COLLINS,2
JOMANDA,1
NEW RADICALS,1
SANDPIPERS,2
BILL COSBY,1
JELLYBEAN,2
SCARLETT,1
BLACK,1
CHRIS THOMPSON,1
SY OLIVER,2
KAT DELUNA,1
ELEPHANT MAN,1
EVELYN KNIGHT,5
FINGER ELEVEN,2
JOHNNY KEMP,2
WADE BUFF,1
FRENCH MONTANA or,1
TOO SH,1
THE BROTHERS JOHNSON,2
LEE GREENWOOD,1
BERT KAEMPFERT,3
EUGENE CHURCH,1
THE FELLOWS,1
TWISTA,4
JOBOXERS,1
PHOEBE RYAN,1
STARZ,1
SASHA,1
A'ME LORAIN,1
RITCHIE VALENS,2
BOOMER CASTLEMAN,1
LAURA BRANIGAN,7
FOLK IMPLOSION,1
THE UNIFICS,2
ART LUND,5
THE TOMMY DORSEY ORCHESTRA starring WARREN COVINGTON,1
SNEAKER,1
ALVIN CASH,1
BOB LUMAN,1
BEAU BRUMMELS,3
PORTRAIT,2
RANDY VANWARMER,1
STEVE WARINER,1
LILLIAN BRIGGS,1
JENNIFER LOPEZ feat JADAKISS,2
STYLES,3
NINE INCH NAILS,2
ARTISTS OF THEN,1
NOW,1
FOREVER,1
HARVEY AND THE MOONGLOWS,1
THE BOB CREWE GENERATION,1
THOMAS WAYNE,1
THE DELONS,1
BO DIDDLEY,1
HANK LOCKLIN,1
HIS WOODCHOPPERS,1
THE FANTASTIC JOHNNY C,1
INFORMATION SOCIETY,3
VANITY FARE,2
THE RUGBYS,1
SUNSCREEM,1
INGRID MICHAELSON,1
BOBBY SHMURDA,2
DYKE,1
THE BLAZERS,1
KEYSHIA COLE,6
BOBBY HENDRICKS,1
NORAH JONES,1
THE INNOCENCE,1
JOHN LEGEND,5
TROY SHONDELL,1
THE ROOFTOP SINGERS,2
RONNY AND THE DAYTONAS,1
THE BAND,2
DIXIEBELLES,1
LAURA LEE,1
AC,3
DC,3
THE TEDDY BEARS,1
40 THEVZ,1
THE CHIPMUNKS with THE MUSIC OF DAVID SEVILLE,3
MADELINE BELL,1
TOM T. HALL,1
TERRY JACKS,1
ATHENA CAGE,1
WET WILLIE,3
FLORENCE WELCH,1
HUGO WINTERHALTER ORCHESTRA,2
JANE MORGAN,2
BRITNEY SPEARS feat MADONNA,1
THE LOM,1
DONNIE ELBERT,2
RIVERS CUOMO,1
BOB BECKHAM,2
GLORIANA,1
AL DONAHUE,1
DEE KEATING,1
THE RONETTES,3
LABELLE,1
BILL WITHERS,5
THE FINATTICZ,1
JIM LOWE,3
LINDA JONES,1
SEVYN STREETER,1
WEBBIE,3
LIL' PHAT,1
LIL' BOOSIE,2
VICKI LAWRENCE,1
MACKLEMORE,5
RYAN LEWIS,5
SCHOOLBOY Q,4
HOLLIS,1
DOODLES WEAVE,1
STACY EARL,2
CUTTING CREW,3
PREZ PRADO,1
JACKSONS,5
CHARLIE SHAVERS,2
HOUSTON,1
SAL MINEO,2
ED TOWNSEND,1
LOVERBOY with NANCY NASH,1
MOCEDADES,1
WENDY FRASER,1
STACY LATTISAW,3
MARILYN MARTIN,2
JUNE CARTER,1
EDDIE STONE,1
CRYSTAL GAYLE,3
DANIEL POWTER,1
ANTHONY HAMILTON,1
THE RAINDROPS,1
TWISTA feat KANYE WEST,1
BOBBY VALENTINO,3
CHEAT CODES,1
TAB HUNTER,3
SISTER SLEDGE,3
WONDER WHO,1
MAMA CASS with THE MAMAS AND THE PAPAS,1
PATTY ANDREWS,1
THE PLASTIC ONO BAND,1
WHITE TOWN,1
ALAN PARSONS PROJECT,6
GINA VANNELLI,1
COUNT BASIE,2
HARRY EDISON,1
BILL JOHNSON,1
JAY FERGUSON,2
BARCLAY ALLEN,2
AL CAIOLA,2
LEIGHTON MEESTER,1
THE CHIFFONS,4
LOGIC,3
CANIBUS,1
DALE AND GRACE,1
SPIDER,1
CAVALIERS,2
SERGIO MENDES AND BRASIL '66,3
MAREN MORRIS,2
GREY,2
LL COOL J feat AMERIE,1
SCORPIONS,2
SMOKIE,1
HAVANA BROWN,1
PAUL CARRACK,4
EYDIE GORME,4
BENNY MARDONES,1
JAY SEAN,5
COUNT FIVE,1
BUCKCHERRY,1
SLIM THUG,1
JACK NITSCHE,1
SLEEPY BROWN,3
MICHAEL PARKS,1
SILK,3
ELECTRONIC,1
MARVIN HAMLISCH,1
JOHNNIE LEE WILLS,1
KRIS KRISTOFFERSON,2
PUBLIC ANNOUNCEMENT,2
MY CHEMICAL ROMANCE,2
FRANKIE GARI,1
ROSE ROYCE,4
CHARLIE DRAKE,1
PETER PAUL AND MARY,1
THE SATISFIERS,1
TANE CAIN,1
KITTY LESTER,1
THE BABYS,2
BUCHANAN AND GOODMAN,2
PETER SCHILLING,1
OL' SKOOL,1
BANANARAMA,3
NAUGHTY BOY,1
IVORY JOE HUNTER,1
BILLY VERA,3
KIT CARSON,1
AGNETHA FALTSKOG,1
CATHY CARR,1
CHANSON,1
DIA FRAMPTON,1
JASON ALDEAN with KELLY CLARKSON,1
TY HERNDON,1
JIMMY AND BOBBY PURIFY,1
HENRY GROSS,2
BETTER THAN EZRA,1
GEORGIE FAME,2
POLICE,4
RONNY,1
THE DAYTONAS,1
LEROY VAN DYKE,3
EDDIE SCHWARTZ,1
CONNIE STEVENS,2
CLIMIE FISHER,1
CHILLIWACK,2
BRUCE CHANNEL,1
JEWEL AKENS,1
GLASS TIGER,4
GWYNETH PALTROW,3
MINDY CARSON,6
MICHAEL PENN,1
OMI,1
JAVIER COLON,1
THE KLF,1
TAMMY WYNETTE,2
Q,1
LOU MONTE,3
OAK RIDGE BOYS,1
CRAIG DAVID,2
KAYE CHOIR,1
JERRY REED,2
THE CADETS,1
KANE ROBERTS,1
CHAIRMEN OF THE BOARD,4
LISA FISCHER,1
THE DUBS,1
ALISON GOLD,1
WADSWORTH MANSION,1
URBAN DANCE SQUAD,1
CASSIDY,2
BASTILLE,2
NEW COLONY SIX,1
THE SHAMEN,1
ME'SHELL NDEGEOCELLO,1
JOE JEFFREY GROUP,1
NORMAN GREENBAUM,1
MITCH RYDER,1
BLESSID UNION OF SOULS,2
BLOODSTONE,2
JADE,4
CARL DOBKINS JNR.,2
RUFUS THOMAS,4
DOODLES WEAVER,1
ANIMALS,6
BONNIE GUITAR,1
MARC NELSON,1
TROYE SIVAN,1
SGT. BARRY SADLER,2
SAMMY ADAMS,1
PRATT,1
McCLAIN,1
PEGGY SCOTT,3
JO JO BENSON,3
THIRD EYE BLIND,4
SOS BAND,1
TONY TERRY,1
ROAD APPLES,1
THE NEW CHRISTY MINSTRELS,2
DJ KHALED feat CHRIS BROWN,1
AUGUST ALSINA,2
YOUNG BUCK,4
EIGHTBALL,1
MJG,1
JIM PHOTOGLO,1
HOT,1
THE ELEGANTS,1
MEL BLANC,3
NASHVILLE TEENS,1
THE CRITTERS,2
ALL STAR TRIBUTE,1
TONY RUSSO,1
,3
PILOT,1
JO JO GUNNE,1
DONNY AND MARIE,2
LIAM PAYNE,1
AMANDA PEREZ,1
TOO $HORT,1
PARLIAMENT,2
FABOLOUS feat P. DIDDY,1
KEVIN PAIGE,2
FIXX,1
DAVID CARROLL ORCHESTRA,1
GENERAL PUBLIC,2
DONNA ALLEN,1
GENE VINCENT AND HIS BLUE CAPS,2
JOE WARD,1
USHER feat LUDACRIS,1
CELINE  DION,1
"JOE ""FINGERS"" CARR (LOU BUSCH)",1
SHANA,1
EVELYN KING,2
PUBLIC ENEMY,1
2 UNLIMITED,1
PATTY,1
THE EMBLEMS,1
TIARA THOMAS,1
MC HAMMER,1
FLOYD ROBINSON,1
JEFF HEALEY BAND,1
THE FIRM,1
COOKIES,1
HI-FIVE,5
MONTGOMERY GENTRY,4
HIS CITY SLICKERS,5
CARL GRAYSON,4
CHRIS KENNER,1
DAVID CROSBY,1
FRANK GARI,2
JESTERS,2
THE METERS,1
MARTIN GARRIX,2
KOKOMO,1
DALE,1
GRACE,1
JERRY JAYE,1
P.M. DAWN,4
JERROD NIEMANN,2
FREDERICK KNIGHT,1
HIS TYMPANY FIVE,1
50 CENT feat NATE DOGG,1
CHERYL LADD,1
KERI HILSON,5
CYMARRON,1
THE NYLONS,1
THE DeFRANCO FAMILY,2
TONY DeFRANCO,2
TAMI SHOW,1
JOHNNY LONG,3
DICK ROBERTSON,2
FRANCES LANE,2
THE SHIRELESS,1
GEORGIE SHAW,3
JORDAN KNIGHT,1
OF MONSTERS AND MEN,1
FESS PARKER,2
100 PROOF AGED IN SOUL,1
PAUL McCARTNEY AND WINGS,3
DNA feat SUZANNE VEGA,1
BAD BUNNY,2
J BALVIN,2
GOODIE MOB,1
RAY CONNIFF,1
GENE HOWARD,1
BLUE STARS,1
MAXINE NIGHTINGALE,2
GARRY STEVENS,4
THE HIGHLIGHTS,1
SWIZZ BEATZ,2
JOHN RYAN,1
BOBBY EDWARDS,1
JOHN LENNON PLASTIC ONO BAND,1
RICHARD HAYMAN,3
RODNEY CROWELL,1
ROBERT AND JOHNNY,1
REAL LIFE,3
WANG CHUNG,5
DAN + SHAY,1
N.O.R.E.,2
RODNEY ATKINS,4
JAY-Z + SWIZZ BEATZ,1
GORILLA ZOE,1
TAKE THAT,1
SANDY EVANS,2
THE HEIGHTS,1
DES'REE,1
FABULOUS THUNDERBIRDS,1
GREEN JELLY,1
BILL SCHALLEN,2
SKEETS HERFURT,2
STARBUCK,2
IMAGINE DRAGONS with LOGIC,1
TY DOLL,1
TONY! TONI! TONE!,3
RAL DONNER,4
TRACIE SPENCER,4
BABY feat P. DIDDY,1
THE CADILLACS,2
STARDUSTERS,3
FALCONS,1
KENNY CHESNEY with DAVE MATTHEWS,1
PEOPLES' CHOICE,1
FIRST CHOICE,1
STEVE MARTIN AND THE TOOT UNCOMMONS,1
SLIM HARPO,2
BOB WELCH,4
RAYMOND LaFEVRE AND HIS ORCHESTRA,1
A BOOGIE WIT DA HOODIE,1
H.R. BARNUM,1
THE OLYMPICS,2
HIS BAND OF RENOWN,3
GAVIN ROSSDALE,1
CROWDED HOUSE,2
QUEEN PEN,1
ERIC WILLIAMS,2
MICHAEL STANLEY BAND,1
DION DI MUCI,2
SUBWAY,1
THE TOYS,2
KEITH CARRADINE,1
JESSE BELVIN,1
BENNY BELL,1
A-HA,2
DIRKS BENTLEY,1
LUCAS GABREEL,1
ASHLEY TISDALE,1
ROCK-A-TEENS,1
ROZALLA,1
BOBBY SCOTT,1
THE DICK HYMAN TRIO,1
AHMAD,1
BRUCE WILLIS,1
ADVENTURES OF STEVIE V,1
THE DANLEERS,1
PETE TOWNSHEND,1
NORMAN CONNORS,1
MICHAEL HENDERSON,1
MARK MORRISON,1
CORNELIUS BROTHERS,1
SISTER ROSE,1
MARK LINDSAY,2
SHADOWS OF KNIGHT,2
HONEYDREAMERS,2
FRANKIE AND THE KNOCKOUTS,3
WAIKIKIS,1
BRENDA AND THE TABULATIONS,2
SHIRLEY BROWN,1
SILVER CONDOR,1
NICKI FRENCH,1
BLUES IMAGE,1
MIS-TEEQ,1
NEIL PATRICK HARRIS,1
RAY CHARLES ORCHESTRA,1
SOPHIE B. HAWKINS,2
HOKU,1
KEAK DA SNEAK,1
DWIGHT TWILLEY,1
SANDY NELSON,3
ANNETTE AND THE AFTERBEATS,2
DC TALK,1
THE MURMAIDS,1
SPIRAL STAIRCASE,1
ROBIN S,1
DORSEY BURNETTE,1
HARRY GROVE TRIO,1
ART VAN DAMME QUARTET,1
KAREN FAIRCHILD,1
M.C. HAMMER,3
BUSTA RHYMES feat P. DIDDY,1
BILL ANDERSON,1
THE ANGELS,4
"RICARDO ""RIKROK"" DUCENT",1
CAM'RON,2
LAVERN BAKER,1
LEO REISMAN,2
SARA HORN,2
NITE-LITERS,1
IAMSU,1
DEBORAH ALLEN,1
CLEDDUS MAGGARD,1
THE CITIZEN'S BAND,1
LIL' MO feat FABOLOUS,1
JIM STEINMAN,1
JASMINE GUY,1
BLUE SWEDE,1
LIL DICKY,1
RONNIE GAYLORD,2
LENNY DEE,3
DIANA DeGARMO,1
HAILEE STEINFELD,3
AMAZING RHYTHM ACES,1
JA RULE feat R. KELLY,1
PAUL AND LINDA McCARTNEY,1
THE LUMINEERS,1
ADAM LEVINE,4
MAKE IT HOT,1
DEREK AND THE DOMINOS,1
THE CARAVELLES,1
NU FLAVOR,1
THE MAINSTREETERS,1
KATE BUSH,1
HENRY MANCINI,4
LONDONBEAT,2
CUFF LINKS,1
JERRY WALLACE with THE JEWELS,1
OTIS WILLIAMS AND HIS CHARMS,1
PETER BROWN with BETTY WRIGHT,1
ALANIS MORISSETTE,4
CITY HIGH,2
JARS OF CLAY,1
MAGIC!,1
DEAN AND JEAN,1
POWER STATION,3
WATERFRONT,1
ERIC BENET,1
JERMAINE STEWART,2
PREMIERS,1
VINCENT BELL,1
JIMMY VALENTINE,3
MADNESS,2
DELANEY,1
BONNIE,1
AFTERNOON DELIGHTS,1
BOB CARROLL,3
TED WEEMS,2
BROWNSVILLE STATION,3
PAUL STOOKEY,1
GIANT,1
BOYD BENNETT,2
JUMP'N THE SADDLE,1
MONTY KELLY ORCHESTRA,1
JODY WATLEY with ERIC B.,1
JOEY SCARBURY,1
GINUWINE feat LOON,1
TAMMY RUGGIERI,1
DIANE RAY,1
YFN LUCCI,1
PNB ROCK,1
DENISE LaSALLE,1
EDDY ARNOLD,3
ROY CLARK,1
DENISE LOR,2
DAVE HOLLISTER,1
J. HOLLIDAY,1
BOB B. SOXX AND THE BLUE JEANS,1
PSYCHEDELIC FURS,1
JACK BLANCHARD,1
MISTY MORGAN,1
THE DRAMATICS,1
ROBERT GOULET,1
SENATOR BOBBY,1
K.D. LANG,1
702,4
CHANTAY'S,1
GINO VANNELLI,2
GIPP,1
CARL THOMAS,1
SYLVIA,2
C.W. McCALL,2
MIKAILA,1
RAY PRICE,1
DISCIPLES,1
STEVE MILLER BAND,2
LINDISFARNE,1
SHEILA E,3
THE FOUNDATIONS,2
JESS GLYNNE,1
RAY PARKER JNR.,3
ACE CANNON,2
HARRIET,1
MANFRED MANN'S EARTH BAND,2
"BOBBY ""BORIS"" PICKETT AND THE CRYPT-KICKERS",1
IYAZ,2
BONEY M,1
RONALD AND RUBY,1
ROY DRUSKY,1
THE MAJORS,1
POINT BLANK,1
EDWARD MAYA,1
VIKA JIGULINA,1
TONY BRAXTON,1
REMY BOYZ,1
CAREFREES,1
DAVE GARDNER,1
THE BIG BOPPER,2
THE TORNADOES,1
TRADE MARTIN,1
SCARFACE,2
JOHNNY P,1
ARTISTS FOR HAITI,1
THE LES PAUL TRIO,1
LES BAXTER ORCHESTRA,1
THE FLEETWOODS,3
SPOKESMEN,1
TRASHMEN,2
MR. ACKER BILK,1
LISETTE MELENDEZ,1
RAPPIN' 4-TAY,1
NATE RUESS,1
CASPER MAGICO,1
NIO GARCIA,1
DARELL,1
NICKY JAM,1
OZUNA,2
BA,1
DAS EFX,2
JAKE OWEN,2
KAJAGOOGOO,1
BEBE REXHA,5
VERTICAL HORIZON,2
THE RIP CORDS,1
TONY JOE WHITE,1
BLUES BROTHERS,4
P.DIDDY,1
LAID BACK,1
ARTISTS STAND UP TO CANCER,1
CATERINA VALENTE,2
DUFFY,1
STEVE HOLY,1
JANET duet with NELLY,1
PETE DRAKE,1
NANCY NORMAN,3
DJ KHALED feat AKON,1
TR,1
GARBAGE,1
DEM FRANCHIZE BOYS,1
LIL PEANUT,1
CHARLAY,1
VIBRATIONS,2
LOVE AND ROCKETS,1
RAY CHARLES (with THE RAELETTES),1
BILLY SWAN,1
HOLLYWOOD FLAMES,1
O.A.R.,1
LOVE UNLIMITED ORCHESTRA,2
LA ROUX,1
JOHNNY COCHRAN,1
ENSEMBLE,1
YO-YO,1
HIPSWAY,1
B*WITCHED,1
PAUL DINO,1
BILL JUSTIS AND HIS ORCHESTRA,1
SPIN DOCTORS,2
JULIE CONWAY,1
THE PUBLIC ANNOUNCEMENT,1
PRAS MICHEL feat OL' DIRTY BASTARD,1
SMASH MOUTH,3
VANESSA ANNE HUDGENS,4
SONNY KNIGHT,1
THE CLIMAX BLUES BAND,1
ETTA JONES,1
JETS,2
DARRELL GLENN,1
RICK DEES AND HIS CAST OF IDIOTS,1
REFUGEE CAMP ALL STARS,1
PRAS with KY-MANI,1
McFADDEN,1
WHITEHEAD,1
CHERELLE,1
THE 8TH DAY,1
VITA,1
ROBBIE PATTON,1
RED SOVINE,1
MELANIE,5
CHRIS BARBER'S JAZZ BAND,2
WAKA FLOCKA FLAME feauring ROSCOE DASH,1
WAL,1
THE MELLOWAIRES,2
POSITIVE K,1
VALJEAN,1
BINGO BOYS,1
PRINCESSA,1
BLOOD SWEAT AND TEARS,3
THE KAYDETS,1
SHIRLEY MURDOCK,1
DONNIE BROOKS,2
MICHAEL BUBLE,1
OLIVER,3
CHUCK MANGIONE,2
MOTELS,1
STEVIE WOODS,2
SYLVIA SYMS,1
CASTAWAYS,1
ROMEO VOID,1
PAPERBOY,1
OWEN BRADLEY QUINTET,1
PETER LIND HAYES,1
RAY CHARLES SINGERS,2
STEREO MCS,1
ADRIAN KIMBERLY,1
BILLY J KRAMER AND THE DAKOTAS,1
STAN GETZ,2
ASTRUD GILBERTO,1
DONNA FARGO,2
FABOLOUS feat. P. DIDDY,1
IRV GOTTI pres THE INC. feat JA RULE,1
CHARLI BALTIM,1
TUBES,1
DEM FRANCHIZE BOYZ feat JERMAINE DUPRI,1
BARBARA MANDRELL,1
MARTHA TILTON,4
BOB B. SOX AND THE BLUE JEANS,1
JESSE WINCHESTER,1
BUN B,1
LESLIE GORE,1
GENE SIMMONS,1
JAMES NEWTON HOWARD,1
JENNIFER LAWRENCE,1
DON ROBERTSON,1
KENNY NOLAN,2
RAMSEY LEWIS TRIO,1
ZAC EFFRON,1
ANUEL AA,1
THE ROYALTONES,1
OLLIE,1
JERRY,1
LOST GENERATION,1
ROCKETS,1
HANNAH MONTANA,3
DJ FRANK E,1
ALIEN ANT FARM,1
BOBBY McCLURE,1
WHITE PLAINS,1
TUXEDO JUNCTION,1
RICKY MARTIN with CHRISTINA AGUILERA,1
HIGH INERGY,1
JANIS IAN,2
YLVIS,1
CLAUDE KING,1
LUMIDEE,1
TIMMY THOMAS,1
DWIGHT TWILLEY BAND,1
SAMMY KAYE ORCHESTRA,1
DR. JOHN,1
FASTER PUSSYCAT,1
CLINT HOLMES,1
COASTERS,4
HONEYMOON SUITE,1
LOS DEL RIO,2
THE NORTON SISTERS,2
SOMETHIN' SMITH AND THE REDHEADS,1
STRANGELOVES,3
GIN BLOSSOMS,3
FRANK WEIR,1
LEE RITENOUR,1
KINGS OF LEON,2
THE KINGSMEN,1
AL B SURE!,1
EDDY GRANT,2
RICKIE LEE JONES,2
FRANK IFIELD,1
OUTSIDERS,3
THE STAMPEDERS,1
JIMMY RAY,1
BILLY BLAND,1
JOE BARRY,1
MOVING PICTURES,1
TOM JOHNSON,1
DJ KOOL,1
CAPITAL CITIES,1
CHARLIE GRACIE,2
BRIGHTER SIDE OF DARKNESS,1
SAMANTHA SANG,1
THE VERONICAS,1
KEN COPELAND,1
RASPBERRIES,1
JULIE RODGERS,1
LATOUR,1
UNDERGROUND SUNSHINE,1
OLETA ADAMS,1
G.Q.,1
GRAHAM CENTRAL STATION,1
KRIS JENSEN,1
A TASTE OF HONEY,2
LIL' BOW WOW,2
LEE ANDREWS AND THE HEARTS,2
LARRY ELGART AND HIS MANHATTAN SWING ORCHESTRA,1
JENNIFER PAIGE,1
BROWNSTONE,2
TRAVIS WAMMACK,1
GENE REDDING,1
GOTYE,1
KIMBRA,1
ALBERT HAMMOND,2
NATURAL FOUR,1
ENIGMA,2
HARRY STYLES,1
DON GARDNER,1
DEE DEE FORD,1
LUTHER INGRAM,2
WILLIAM DE VAUGHAN,1
MONKEES,1
THE MAIN INGREDIENT,1
RUBETTES,1
SOMETHIN' FOR THE PEOPLE,1
TRINA,2
TAMARA,1
BING,1
QUIET RIOT,3
THE BEATERS,2
KLF,1
BON IVER,1
NICKI MINA,1
BURTON CUMMINGS,2
ELVIS COSTELLO AND THE ATTRACTIONS,1
AYO,1
TEO,1
CLASSICS IV,1
CURTIS LEE,1
SNOOP DOGG feat PHARRELL,1
UNCLE CHARLIE WILSON,1
PAT GREEN,1
NIA PEOPLES,1
MR. PROBZ,1
ARLO GUTHRIE,1
JOEY DEE AND STARLIGHTERS,1
LOUIS TOMLINSON,1
DIGITAL FARM ANIMALS,1
JUVENILE WAKO,1
ARTISTS UNITED AGAINST APARTHEID,1
GREG GUIDRY,1
SNOOKY LANSON,1
COVER GIRLS,3
HAIRCUT ONE HUNDRED,1
THE BARBUSTERS,1
MOUTH AND MacNEAL,1
CHELY WRIGHT,1
TONY AND JOE,1
JODY REYNOLDS,1
PRISM,1
ZAGER,1
EVANS,1
FRED WESLEY AND THE JB'S,1
CAPTAIN AND TENNILLE,2
FATHER M.C.,1
IGGY POP,1
DYKE AND THE BLAZERS,1
CHERRELLE,1
CALLOWAY,1
CITY BOY,1
THELMA HOUSTON,2
LATIMORE,2
GHOST TOWN DJs,1
KAY THOMPSON,1
JEANNIE C. RILEY,1
DELLA REESE,3
LITTLE JIMMY DICKENS,1
ALICIA BRIDGES,1
THA DOGG POUND,1
TEDDY BEARS,1
DOMENICO MODUGNO,1
PRESSHA,1
LOUDON WAINWRIGHT III,1
BELL BIV DEVOE,4
MR. BIG,3
JENNIFER HOLLIDAY,1
THE CLASSICS,1
JD,1
BOB MOORE,1
SERGIO MENDES with JOE PIZZULO,1
LEZA MILLER,1
BIG TYMERS,1
CONSEQUENCE,1
ROLF HARRIS,1
DENNIS DeYOUNG,1
NONCHALANT,1
PATTI LaBELLE,3
BONNIE SISTERS,1
THE MOTELS,3
BIG DADDY KANE feat SPINDERELLA,1
L WILLIAMS,1
MONGO SANTAMARIA,2
CAROL DOUGLAS,1
SPYRO GYRA,1
MIKE SHOREY,1
SHELBY FLINT,1
JETHRO TULL,2
THE SHANGRI-LAS,1
Q-TIP,1
HENHOUSE FIVE PLUS TOO,1
THE JIMMY CASTOR BUNCH,1
O'JAYS,5
DISCO TEX,2
THE SEX-O-LETTES,1
CHARLIE TEEGARDEN,1
ANSIL COLLINS,1
N2DEEP,1
ICEHOUSE,2
NIIA,1
LIZ DAMON'S ORIENT EXPRESS,1
HOWIE DAY,1
HERMAN BROOD,1
LYNN ANDERSON,1
TERI DE SARIO,1
KC,1
THE ENGLISH CONGREGATION,1
UGK,1
LAWRENCE REYNOLDS,1
THE CASCADES,1
PLANET SOUL,1
LINDSEY BUCKINGHAM,1
EARL GRANT,1
THE GAME feat 50 CENT,1
SAMANTHA MUMBA,1
RUSSELL ARMS,1
CAB CALLOWAY,1
J.D. SOUTHER,2
HARRY SIMEON CHORAL,1
INNER CIRCLE,3
FRANKIE LAINE AND THE EASY RIDERS,1
TIMI YURO,3
LITTLE EVA,2
BUFFY SAINTE-MARIE,1
MARTIN BRILEY,1
FREE MOVEMENT,1
JOHN MELLENCAMP with ME'SHELL NDEGEOCELLO,1
THE GAYLORDS,1
SEAN GARRETT,2
MARTHA REEVES AND THE VANDELLAS,1
PAULA DeANDA,1
THE DEY,1
SCANDAL,1
SEVEN MARY THREE,1
PISTOL ANNIES,1
KIDS SEE GHOSTS,1
RENATO CAROSONE,1
LEAPY LEE,1
MANTOVANI AND HIS ORCHESTRA,1
THE ANDREA TRUE CONNECTION,1
NIVEA feat LIL JON,1
BAHA MEN,1
VICTOR YOUNG AND HIS SINGING STRINGS,1
JC CHASEZ,1
SYSTEM OF A DOWN,1
DORIS TROY,1
THE PASTEL SIX,1
HENRI RENE,4
TONY CLARKE,1
DON CHARLES AND THE SINGING DOGS,1
CRAZY OTTO,3
ORIANTHI,1
VIKKI CARR,1
DR DRE,1
SOUNDS OF SUNSHINE,1
RONNIE AND THE HI-LITES,1
STARPOINT,1
FELICIA SANDERS,2
PAT O'DAY,1
AL RAWLEY,1
PHIL SEYMOUR,1
MARCIE BLANE,1
T. REX,1
BBMAK,1
THE DELEGATES,1
SONIQUE,1
CHRISETTE MICHELE,1
ESCAPE CLUB,1
SHE MOVES,1
THOMPSON SQUARE,1
THE SALSOUL ORCHESTRA,1
FABULOUS,1
TAMIA or ASHANTI,2
ODYSSEY,1
ZENDAYA,1
BIZ MARKIE,1
KENNY LOGGINS with STEVE PERRY,1
KEN DARBY SINGERS,1
RICHARD CHAMBERLAIN,3
CHARLES,1
EDDIE,1
THE ESQUIRES,2
CLIPSE,1
KRAFTWERK,1
TOBIN MATTHEWS,1
DUKE ELLINGTON,5
JOYA SHERRILL,3
THE STONE PONEYS,1
MOBY,1
IDINA MENZEL,2
BULL AND THE MATADORS,1
KEEDY,1
KENNY DINO,1
THE LOX,2
GINUWINE feat BABY,1
KORGIS,1
MARK WILLS,3
RAY SMITH,1
THE S.O.U.L. S.Y.S.T.E.M.,1
ASHER ROTH,1
WILL.I.AM.,1
KEVIN GATES,1
ERNIE K-DOE,1
HARPERS BIZARRE,1
CHICO DeBARGE,1
JASON MRAZ,3
LOUIS CLARK conducting THE ROYAL PHILHARMONIC ORCHESTRA,1
SPIRIT,1
SANTANA feat ALEX BAND or CHAD KROEGER,1
MAIN INGREDIENT,2
DELIVERANCE,1
ANDY GRIFFITH,1
RANDY TRAVIS,1
SIMON,4
CA$HOUT,1
KATHY LINDEN,2
EDDIE CALVERT,1
BLUE CHEER,1
ROD LAUREN,1
ALUNAGEORGE,1
DOUBLE,1
REBA,2
BARRY McGUIRE,1
WEDNESDAY,1
OSCAR TONEY JR.,1
FOUR KNIGHTS,2
DEAN FRIEDMAN,1
JOE BUDDEN,1
FRANK MILLS,1
THE SPORTSMEN GLEE CLUB,1
DAMITA JO,1
ERICK SERMON,2
MIKE JONES,3
HOMER,1
JETHRO,1
NEW ENGLAND,1
RANDY DRAPER,1
RONNIE McDOWELL,1
CHRIS WALKER,1
? AND THE MYSTERIANS,1
CARSON ROBISON,1
MOBB DEEP,1
PANJABI MC,1
THE CRESTS,3
TYCOON,1
LIVING IN A BOX,1
UNIFICS,1
SHORTY LONG,1
HURRICANE SMITH,1
"EVELYN ""CHAMPAGNE"" KING",1
SHAKESPEAR'S SISTER,1
JASON DeRULO,1
JUSTIN BIEBER + BLOODPOP,1
STAMPEDERS,1
CARL MANN,1
NED MILLER,1
CRAZY ELEPHANT,1
THE SINGING NUN,1
DR. HOOK AND THE MEDICINE SHOW,2
FLYING MACHINE,1
BABY WASHINGTON,1
BOBBY VEE AND THE STRANGERS,2
THE RITCHIE FAMILY,1
SOSAMANN,1
ERNIE,1
CAM'RON feat JULEZ SANTANA,1
FREEKEY ZEKEY,1
JOHNNY SEA,1
FIVE FOR FIGHTING,3
SWINGING BLUE JEANS,1
CHAS McDEVITT SKIFFLE GROUP,1
AFI,1
RICK DERRINGER,1
CLARENCE CLEMONS,1
CASHMAN AND WEST,1
BOBBIE GENTRY,3
TONY BELLUS,1
CREAM,4
MIDNIGHT STAR,1
HIT MASTERS,1
THE GRAMERCY FIVE,1
HIS TYMPANI FIVE,3
TERRI GIBBS,1
GLEE CAST feat LEA MICHELE,1
JONATHAN GROFF,4
CORY MONTEITH,1
VAN McCOY,1
CARL DOUGLAS,1
MITCHELL AYERS,1
MARY ANN MERCER,1
GTR,1
PATTI AUSTIN with JAMES INGRAM,1
DOTTIE WEST,1
RYAN TEDDER,2
DORROUGH MUSIC,1
CHARLENE,1
JIMMY McGRIFF,1
LOVE AND KISSES,1
TAMMY TERRELL,1
ELMER BERNSTEIN AND ORCHESTRA,1
BALANCE,1
4 NON BLONDES,1
DON COSTA ORCHESTRA,1
THE DAVE CLARK FIVE,2
THE FAMILY feat. THE NOTORIOUS B.I.G.,1
TANK,1
KON KAN,1
BERT KAEMPFERT ORCHESTRA,1
TEMPOS,1
MOON MARTIN,1
DEEE-LITE,1
WILLA FORD,1
M2M,1
JOHNNY MADDOX,1
THE RHYTHMASTERS,1
FOSTER THE PEOPLE,1
JEAN KNIGHT,1
BROOKLYN BRIDGE,2
CRESTS,3
BOBBY GREGG AND HIS FRIENDS,1
THE SHIELDS,1
JUVENILE feat. MANNY FRESH,1
NITTY GRITTY DIRT BAND,1
MARK RONSON,2
KIKI DEE,2
HOLLYWOOD ARGYLES,1
"ROYCE DA 5'9""",1
CLAUDINE CLARK,1
BOBBY RUSSELL,2
SILENTO,1
THE KNACK,2
SWING OUT SISTER,2
HIS ORCHESTRA with EDDIE HEYWOOD,1
SAM HARRIS,1
GONE ALL STARS,1
DJ SAMMY,1
YANOU,1
DO,1
RUSH,1
SAVING JANE,1
DON AND JUAN,1
SURFARIS,1
MICHAEL JACKSON with SIEDAH GARRETT,1
PERFECT GENTLEMEN,1
ROSEMARY CALVIN,1
THE LARKS,1
RUN D.M.C.,1
LES COOPER AND THE SOUL ROCKERS,1
THE TROGGS,2
BOBBY LEWIS,2
IKETTES,1
EDMUNDO ROS,1
THREE FLAMES,1
INNOCENTS,2
JAGGERZ,1
TOM GLAZER AND THE DO-RE-MI CHILDREN'S CHORUS,1
JOHN SCHNEIDER,1
DIVINYLS,1
GENE ALLISON,1
THE TRASHMEN,1
RICH GANG,1
DAMITO JO,1
CRANBERRIES,1
THE CHAKACHAS,1
MATTHEW'S SOUTHERN COMFORT,1
BETTY BARCLAY,1
KYM SIMS,1
ODIA COATES,1
GALE GARNETT,1
WHISTLE,1
CORINA,1
DELBERT McCLINTON,1
SPACEHOG,1
WILLIE KELLY,1
REG OWEN AND HIS ORCHESTRA,1
LITTLE MILTON,1
BRAD PAISLEY duet with CARRIE UNDERWOOD,1
BOUNTY KILLER,1
MARCY PLAYGROUND,1
SONS OF THE PIONEERS,2
DIGABLE PLANETS,1
SAVANNAH CHURCHILL,2
GIUFFRIA,1
SHANNON,1
JIMMY FALLON,1
RTZ,1
DR HOOK,1
GQ,1
LARA FABIAN,1
THE CRANBERRIES,1
YOUNG M.C.,1
GREG KIHN,1
GENE AUTREY,1
MAJOR LAZER x DJ SNAKE,1
M0,1
BEYONCE KNOWLES,1
MARVELOWS,1
NO MERCY,2
KANDI,2
KORN,1
THE TING TINGS,1
JOYNER LUCAS,1
CLARENCE REID,1
MIGUEL RIOS,1
MITCHELL TOROK,2
MACHINE GUN KELLY x CAMILLA CABELLO,1
KUNGS vs COOKIN' ON 3 BURNERS,1
STALLION,1
JEFFERSON,1
CHARLIE BARNETT,1
MARY ANN McCALL,1
PAUL SIMON with THE DIXIE HUMMINGBIRDS,1
BRASS RING,2
LIVING COLOUR,2
NICK LACHEY,1
THE MOE KOFFMAN QUARTETTE,1
BOBBY MARCHAN,1
BROTHERS FOUR,2
TROGGS,1
KEVIN LYTTLE,1
CITY SPUD,1
OK GO,1
GINA G,1
KELLY ROWLAND,5
J. WEAV,1
NAZARETH,1
ROBERT TEPPER,1
STEVE HOLLY,1
EARL JEAN,1
"CHERYL ""PEPSII"" RILEY",1
FOUR COINS,1
THE RAMSEY LEWIS TRIO,1
IAN GOMM,1
SEAN PAUL of THE YOUNGBLOODZ,1
EILEEN RODGERS,2
BLESSED UNION OF SOULS,2
D.H.T.,1
PATRICK SWAYZE feat WENDY FRAZER,1
THE NEW BIRTH,1
THE COMMUNARDS,1
LIL ZANE,1
NAPPY ROOTS feat ANTHONY HAMILTON,1
BLAKE LEWIS,1
ZIGGY MARLEY AND THE MELODY MAKERS,1
THE WANTED,1
WHEN IN ROME,1
LO-KEY?,1
THE WILTON PLACE STREET BAND,1
THE STEREOS,1
ROD STEWART with RONALD ISLEY,1
MIKE,1
THE MECHANICS,1
MUSICAL YOUTH,1
THE REVOLUTION,1
TOMMY LEONETTI,1
FU-SCHNICKENS,1
SHAQUILE O'NEAL,1
JOHNNY PECON,1
BETTY WRIGHT,2
HELLOGOODBYE,1
DOWN AKA KILO,1
KENNY ROGERS with DOLLY PARTON,1
JOHN VALENTI,1
P.J. PROBY,1
THE O'KAYSIONS,1
PARIS HILTON,1
WALTER EGAN,1
THE PETS,1
PAUL McCARTNEY with STEVIE WONDER,1
TATYANA ALI,1
ADAM LAMBERT,3
VANILLA ICE,2
THREE CHUCKLES,2
MILKY CHANCE,1
D4L,1
WINK MARTINDALE,1
SILKIE,1
JANE CHILD,1
JOEY POWERS,1
MAJOR HARRIS,1
BONNIE LOU WILLIAMS,1
PAUL MAURIAT AND HIS ORCHESTRA,1
JAN PEERCE,1
MICHAEL JACKSON duet with AKON,1
AL MORGAN,1
CLIFF DeYOUNG with BILL MUMY,1
COREY FISCHER,1
BEYONCE feat SEAN PAUL,1
THE CHICAGO LOOP,1
BLAQUE,2
LOON,1
RAY DALTON,1
UPTOWN STRING BAND,1
STARLETS,1
JORDIN SPARKS duet with CHRIS BROWN,1
TRINIDAD JAMES,1
NERVOUS NORVOUS,1
SAGA,1
THE WILL BRADLEY TRIO,1
DON RAYE,1
CASTELLS,1
D-MOB,1
ZIGGY TALENT,1
ELVIN BISHOP,1
THE WRECKERS,1
MARK CHESNUTT,1
SPYDER TURNER,1
GLORIA LYNNE,1
DEON JACKSON,1
J-KWON,2
NIVEA,1
JOE PUBLIC,1
BOB HOUSTON,1
HELEN YOUNG,1
LEE DeWYZE,1
CAM,1
PHIL McLEAN,1
ALISON MOYET,1
IMOGEN LYNN,1
LITA FORD,2
OZZY OSBOURNE,2
ATC,1
JUDSON SPENCE,1
MONIE LOVE,1
ANOTHER BAD CREATION,2
FAT MAN SCOOP,1
IMX,1
NIA PEEPLES,1
EMF,2
LSG,1
3LW,1
MONTELL JORDAN feat MASTER P,1
THE GREG KIHN BAND,1
DAVE LOGGINS,1
KELSEA BALLERINI,1
N II U,1
THE KANE GANG,1
MISS TONI FISHER,1
MACY GRAY,1
PAUL HUMPHREY,1
GREGORY ABBOTT,1
LIMAHL,1
CYRKLE,1
GARY MILLS,1
THE LEAVES,1
OCEAN,1
DAVE BRUBECK QUARTET,1
BOOKER T,1
THE MG'S,1
THE SEX -O-LETTES,1
THE MUSIC MACHINE,1
A LIGHTER SHADE OF BROWN,1
CASSIDY feat R. KELLY,1
GESAFFELSTEIN,1
MIDNIGHT OIL,1
SALSOUL ORCHESTRA,1
STREET PEOPLE,1
CARR-HOPS,1
THE PUPPIES,1
LUDACRIS co-starring CHRIS BROWN,1
ALESSO,1
JASON ALDEAN with LUKE BRYAN,1
COMMANDER CODY AND HIS LOST PLANET AIRMEN,1
CHARLIE DORE,1
T'PAU,1
NICKI  MINAJ,1
SPENCER ROSS,1
DON WILLIAMS,1
RALPH MARTERIE AND HIS ORCHESTRA,2
JADAKISS,1
ASSEMBLED MULTITUDE,1
TWISTED SISTER,1
LOUIE LOUIE,1
JOEY DEE AND THE STARLITERS,2
CLAUDETTE ORTIZ,1
RAYBON BROS,1
ROSIE AND THE ORIGINALS,1
PRISCILLA WRIGHT,1
JANN ARDEN,1
THREE SUNS,2
ARTIE DUNN,1
BILL FLANAGAN,2
LARSEN-FEITEN BAND,1
D.J. JAZZY JEFF AND THE FRESH PRINCE,1
PEPPERMINT RAINBOW,1
CLIMAX BLUES BAND,1
LE CLICK,1
KIM WILDE,2
KIIARA,1
VAPORS,1
CHARLIE BYRD,1
THE NEW POWER GENERATION,1
MERCY,1
RUTH McCULLOUGH,1
FINE YOUNG CANIBALS,1
JOHNNY BOND,1
A.R. RAHMAN,1
THE PUSSYCAT DOLLS feat NICOLE SCHERZINGER,1
REG OWEN ORCHESTRA,1
TONE-LOC,1
JOEY HEATHERTON,1
BELL NOTES,1
FUEL,1
B.B.KING,1
CHAD BROCK,2
CRUCIAL CONFLICT,1
FIVE MAN ELECTRICAL BAND,1
JIMMY PAGE,1
MARIAM MAKEBA,1
STUART WADE,1
BRANTLEY GILBERT,1
SHELLEY FABARES,2
DONALD FAGEN,1
JOHN O'BANION,1
EMMYLOU HARRIS,1
BOB CHESTER,1
AL STUART,1
BOYD BENNETT AND HIS ROCKETS,1
NANCY MARTINEZ,1
OUTASIGHT,1
RHIANNA,1
RAY BRYANT COMBO,1
MANDY MOORE,1
JOSS STONE,1
THE DETERGENTS,1
BARRY MARDONES,1
TALK TALK,1
JUDY CLAY,1
CHAD KROEGER,1
MAJOR LAZER,1
MO,2
LUDACRIS feat MYSTIKAL,1
INFAMOUS 2.0,1
RON BROWZ,1
NUTTY SQUIRRELS,1
CHANGE,1
JANE MORGAN AND THE TROUBADORS,1
KAY ARMEN,1
SANDY STEWART,1
THE ALAN PARSONS PROJECT,2
ERNIE FREEMAN,1
IAN MATTHEWS,1
SONS OF FUNK,2
GET WET,1
DISNEY'S FRIENDS FOR CHANGE,1
DINO DESI,1
BILLY,4
THE SHERRYS,1
"RED ""SWAMPHEAD"" INGLE",1
DEBARGE,1
MURRAY HEAD,2
DENNIS YOST AND THE CLASSICS IV,1
TOMMY McLAIN,1
THE AVERAGE WHITE BAND,1
JOSE JIMENEZ,1
BARBARA LYNN,1
AMERICAN IDOL FINALISTS,1
FOCUS,1
SUNSHINE ANDERSON,1
THE ISLANDERS,1
IAN WHITCOMB,1
THE ROCKY FELLERS,1
J. HOLIDAY,2
HIS ORCJHESTRA,1
JOE HENDERSON,1
NIALL HORAN,2
MAURICE WILLIAMS,1
THE ZODIACS,1
BELL SISTERS,1
MASHMAKHAN,1
BEGINNING OF THE END,1
RACHEL SWEET,1
N.W.A.,1
U-KREW,1
ICE CUBE feat MR. SHORT KHOP,1
LEROY HOLMES,1
FRED LOWERY,1
5000 VOLTS,1
PAUL HARDCASTLE,1
EDDIE HOLMAN,1
NF,1
COLDPLAY with JAY-Z,1
THE HILLSIDE SINGERS,1
FOXX,1
DUANNE EDDY,1
ARRESTED DEVELOPMENT,3
TAIO CRUZ,3
BJ THE CHICAGO KID,1
BOURGEOIS TAGG,1
DONNIE OWENS,1
BIG AUDIO DYNAMITE II,1
FREEDOM WILLIAMS,1
SAN REMO GOLDEN STRINGS,1
CONNIE BOSWELL,1
FOUR JACKS AND A JILL,1
DONNA LEWIS,1
RAYMOND LeFEVRE AND HIS ORCHESTRA,1
THE CLIPSE,1
KESHA,1
VOICES OF WALTER SCHUMANN,1
MICKEY MOZART QUINTET,1
HUEY (PIANO) SMITH AND THE CLOWNS,1
MARQUES HOUSTON feat JOE BUDDEN,1
PIED PIPER,1
SEETHER,1
CHARLES RANDOLPH GREANE SOUNDE,1
A WING AND A PRAYER FIFE AND DRUM CORPS,1
ROB $TONE,1
J. DAVI$,1
SPOOKS,1
JIMMY CASTOR,1
WILBERT HARRISON,2
THE PRODUCT G,1
B,1
LAWRENCE WELK AND HIS SPARKLING STRINGS,1
RATT,2
TOM CLAY,1
DANNY WILLIAMS,1
TJR,1
504 BOYZ,1
THE CHARLIE DANIELS BAND,1
JIMMY BOWEN with THE RHYTHM ORCHIDS,1
THE FOUR LEE SISTERS,1
MUNGO JERRY,1
ROCKY COLUCCIO,1
PIGMEAT MARKHAM,1
PETER BROWN,1
LORNE GREENE,1
BOW WOW or R. KELLY,1
JIVE FIVE,2
ARBORS,1
KATHY TROCCOLI,1
MR. COLLIPARK,2
HURRICANE CHRIS,1
HIS ORCHESTRA AND CHORUS,2
VAUGHN HORTON,2
POLKA DEBS,2
BILL PARSONS (BOBBY BARE),1
APOLLO 100,1
JAN HAMMER,1
RAYVON,1
BOBBY TAYLOR AND THE VANCOUVERS,1
FORT MINOR,1
HOLLY BROOK,1
JONAH MATRANGA,1
BECK,1
JARON AND THE LONG ROAD TO LOVE,1
ACE FREHLEY,1
AMY WINEHOUSE,1
BILLY GILMAN,1
JOAN OSBORNE,1
HEARTLAND,1
LOS INDIOS TABARAJAS,1
CHRIS YOUNG duet with CASSADEE POPE,1
ART GARFUNKEL,2
MASTER P feat SILKK THE SHOCKER,2
SONS OF FUNK AND MO B. DICK,1
UNK,2
JAGGED EDGE with ELLY,1
DUICE,1
JUDE COLE,2
FRANCIS LAI,1
MARIAN HILL,1
SNOW PATROL,1
LIL FLIP,2
SHADES OF BLUE,1
ROBERT PARKER,1
THE CYRKLE,1
GWEN SEBASTIAN,1
NEW CHRISTY MINSTRELS,1
SHWAYZE,1
DEON ESTUS,1
TIN TIN,1
"NICOLE feat MISSY ""MISDEMEANOR"" ELLIOTT",1
THE ATARIS,1
ERYKAH BADU feat COMMON,1
LAUV,1
CALI SWAG DISTRICT,1
THE MAR-KETS,1
LINK WRAY AND HIS RAY MEN,1
BUOYS,1
THE RAYDIO,1
THE CLICK FIVE,1
3T,1
GONZALES,1
MARKY MARK,2
THE FUNKY BUNCH,1
LOLEATTA HOLLOWAY,1
DAVID CARROLL,1
SCOTTY McCREERY,1
LES CRANE,1
STRAY CATS,1
THE PRETENDERS,1
SHAWNNA,2
SHINEDOWN,1
ARTIE SHAW AND HIS ORCHESTRA,1
THA RAYNE,1
BO-ROCK,1
LINA SANTIAGO,1
LUSCIOUS JACKSON,1
DeCASTRO SISTERS,1
ACE,1
DEREK,1
TINIE TEMPAH,1
ERIC TURNER,1
DANIEL BEDDINGFIELD,1
EDDIE DUCHIN,1
THE PARTY,1
DEL WOOD,2
JAMES BLUNT,1
THE ROYAL GUARDSMEN,2
MR. PRESIDENT,1
NICO,1
VINZ,1
THE JAYNETTS,1
WILLY WILLIAM,1
FASTBALL,1
MAINO,1
MARK DINNING,1
FRANKIE GOES TO HOLLYWOOD,1
THE PIPS,1
AMII STEWART,1
NU SHOOZ,2
JERRY BUTLER AND THE IMPRESSIONS,1
ROBERTA FLACK with DONNY HATHAWAY,1
LARRY FINEGAN,1
DEVICE,1
GABRIELLE,1
BLUE JAYS,1
2 LIVE CREW,1
THE DIXIEBELLES,1
DREAMLOVERS,1
M.C. BRAINS,1
JOHNNY CYMBAL,1
BABYS,2
WYNTER,1
THE B.C. 52'S,1
DAVE EDMUNDS,1
THE ESSEX,2
ANITA HUMES,1
ERIC NALLY,1
MELLE MEL,1
KOO,1
JAN SAVITT,1
BON BON,1
JADEN SMITH,2
BUCK OWENS,1
ROYAL TEENS,1
JOAN JETT,1
PAPA ROACH,1
DALE WRIGHT with THE ROCK-ITS,1
RICHIE HAVENS,1
REDMAN,2
FENDERMEN,1
JESSE LEE TURNER,1
THE SEEDS,1
BILL MEDLEY,1
SKRILLEX,2
THE KING SISTERS,1
RIFF,1
KREWELLA,1
BILLY WILLIAMS QUARTET,1
DANIEL BEDINGFIELD,1
ANNA KENDRICK,1
REGINA,1
REBBIE JACKSON,1
LUCY PEARL,1
PAUL NICHOLAS,1
TRAVI$ SCOTT,1
RED INGLE AND THE NATURAL SEVEN,1
BETTY JOHNSON,3
THE LONNIE DONEGAN SKIFFLE GROUP,1
UB 40,1
CHRISSIE HYNDE,1
LOVELYTHEBAND,1
MR MISTER,1
THE SUNSHINE COMPANY,1
BOY MEETS GIRL,2
DRU HILL feat REDMAN,1
BILLY STORM,1
SARA BERNER,1
THE SANFORD,1
TOWNSEND BAND,1
ORIOLES,1
CHARTBUSTERS,1
ICICLE WORKS,1
RANDY NEWMAN,1
BOB McFADDEN,1
DOR,1
PRIMO SCALA BANJO AND ACCORDION ORCHESTRA,1
STEVE,1
EYDIE,1
SOFT CELL,1
LARRY COTTON,2
STEVIE NICKS with DON HENLEY,1
DIESEL,1
TIMEX SOCIAL CLUB,1
THE FACES,1
MILESTONE,1
BOBBY FULLER FOUR,2
BETTY MADIGAN,1
MICKEY GILLEY,1
PEACH UNION,1
ELLIOTT YAMIN,1
KRISTINIA DeBARGE,1
THE WILLIAMS BROTHERS,1
MORGANAIRES,1
CANNIBAL,1
HEADHUNTERS,1
PHIL BODNER,1
MARC COHN,1
THE NU TORNADOS,1
ASSOCIATION,1
BARBRA AND NEIL,1
IRMA THOMAS,1
PRETTY RICKIE,1
MORRIS STOLOFF,1
JOHNNIE JOHNSTON,1
JOE BENNETT AND THE SPARKLETONES,1
THE PASTELS,1
JELLY BEANS,1
JUNIOR,2
BOBBY DAY,1
FIVE KEYS,1
12 GAUGE,1
VICTOR LUNDBERG,1
THE REVELS,1
SHOCKING BLUE,1
BIG PUNISHER,1
MC SAR,1
THE REAL McCOY,1
TINASHE,1
PEACHES,1
HERB,1
CYPRESS HILL,1
NIVEA feat BRIAN,1
BRANDON CASEY,1
EYE TO EYE,1
GARY GLITTER,2
GUY,1
JEAN,1
TWENTY ONE PILOTS,3
SANTA ESMERALDA starring LEROY GOMEZ,1
LISA LISA,1
CULT JAM,1
HUGO MONTENEGRO,1
KNACK,1
OHIO EXPRESS,1
ENGLEBERT HUMPERDINCK,1
YOUNGBOY NEVER BROKE AGAIN,1
ARTHUR ALEXANDER,1
JOHN FRED AND HIS PLAYBOY BAND,1
HARLOW WILCOX,1
THE OAKIES,1
TEAIRRA MARI,1
SLAVE,1
FATBOY SLIM,1
SYBIL,1
QUEEN LATIFAH,1
FRIDA,1
YOUNG M.A.,1
TRACY CHAPMAN,2
MINNIE RIPERTON,1
NINA SKY,1
JABBA,1
ZACH SOBIECH,1
THE FANTASTIC JOHNNY C.,1
CYRIL STAPLETON ORCHESTRA,1
THE AQUATONES,1
RAMPAGE,1
BILLY LAWRENCE,1
JACKIE MOORE,1
LOS LONELY BOYS,1
FIFTH HARMONY,4
OL SKOOL,1
ERIC BURDON,1
CHAMPS,1
GWEN McCRAE,1
LILLIE,1
PEE WEE KING,1
REDD STEWART,1
MARSHALL TUCKER BAND,1
VICKI CARR,2
WAYNE WONDER,1
VOICES THAT CARE,1
WA WA NEE,1
BONO,1
THE EDGE,1
DICK TODD,2
THE SURFARIS,1
THE EARLS,1
B-ROCK,1
THE BIZZ,1
JESSE POWELL,1
LINDSAY BUCKINGHAM,1
THE HIGHWAYMEN,1
TUPAC feat NOTORIOUS B.I.G.,1
CANDLEBOX,1
FLOETRY,1
KANYE WEST JAY-Z BIG SEAN,1
DICK JAMES,1
CLIFFIE STONE ORCHESTRA,1
DJ KHALED feat T.I.,1
CLEFTONES,1
MO THUGS FAMILY feat BONE THUGS-N-HARMONY,1
LARRY GRAHAM,1
ROD HOLDEN,1
FLIRTATIONS,1
J.J. CALE,1
C.J. AND CO.,1
MARY LAMBERT,1
MORRIS ALBERT,1
PYRAMIDS,1
THE FIVE SATINS,2
THE REBELS,1
THE MARCELS,1
FALCO,2
LIL WAYNE feat CORY GUNZ,1
SUZI QUATRO,1
CHRIS NORMAN,1
BRENDA RUSSELL,2
MEL AND TIM,1
N*E*R*D,1
DEADEYE DICK,1
LUIS FONSI,1
ED BYRNES,1
JAMES INGRAM with MICHAEL McDONALD,1
MERI WILSON,1
TONY CAREY,1
THE NEIGHBOURHOOD,1
MIKE DOUGLAS,1
KEVIN RUDOLF,2
NORMAN LUBOFF CHOIR,2
CHRISTINE McVIE,2
KEKE WYATT,1
BOB BRAUN,1
THE WHISPERS,1
THE PATTI SMITH GROUP,1
BABY,1
FIVE AMERICANS,1
IAN THOMAS,1
THE PRESIDENTS OF THE UNITED STATES OF AMERICA,1
KEVON EDMONDS,1
FOUNDATIONS,1
SKYLARK,1
FLYLEAF,1
BRAM TCHAIKOVSKY,1
CRAIG WAYNE BOYD,1
IDEAL,2
FRED HUGHES,1
PENGUINS,1
SYLK-E FYNE,1
MARILYN SELLERS,1
DYLAN SCOTT,1
EDIE BRICKELL,1
THE NEW BOHEMIANS,1
THE MARKETTS,1
DOVE CAMERON,1
CAMERON BOYCE,1
BOOBOO STEWART,1
SOFIA CARSON,1
DEMENSIONS,1
BENT FABRIC AND HIS PIANO,1
THE FLOATERS,1
WANZ,1
INTRO,1
LAUREN WOOD,1
DAVID ARCHULETA,2
JONATHAN KING,1
THE IKETTES,1
BOBBY HEBB,2
PARTYNEXTDOOR,1
ANN-MARGARET,1
BOOKER T AND THE MGS,1
LONNIE MACK,2
SYREETA,1
MO B. DICK,1
JODIE SANDS,1
NIELSEN,1
PEARSON,1
ARTHUR LYMAN GROUP,1
THE QUAKER CITY BOYS,1
SUSAN ANTON,1
TIM WEISBERG,1
BARRY MANN,1
SISTER JANET MEAD,1
HENSON CARGILL,1
LILLYWOOD,1
ROBIN SCHULZ,1
DEFAULT,1
ROSCOE DASH,1
CHARLIE RYAN,1
THE TIMBERLINE RIDERS,1
PIA ZADORA,1
BOWLING FOR SOUP,1
HAROLD DORMAN,1
HAROLD MELVIN,1
THE BLUE NOTES,1
THE DARTELLS,1
LUKE,1
NO GOOD BUT SO GOOD,1
STARS ON 45,2
PATRICE RUSHEN,1
MARATHONS,1
ZAY HILFIGERRR,1
ZAYLON McCALL,1
JEFF LORBER,1
FIVE STAIRSTEPS,1
CHUCK MILLER,1
JOHNNY FERGUSON,1
JEANNE PRUETT,1
TIERRA,1
BARDEUX,1
FARON YOUNG,1
DANCER PRANCER,1
NERVOUS,1
UNIT FOUR PLUS TWO,1
ALDO NOVA,1
THE MICHAEL STANLEY BAND,1
DIPLO,1
KILLER MIKE,1
JOHN HUNTER,1
REBA McENTIRE,1
TRACEY ULLMAN,1
MICHAEL FRANTI,1
SPEARHEAD,1
CHERINE ANDERSON,1
VINCE GILL,1
CHERI,1
HIGHWAYMEN,1
THE FOUR VOICES,1
COWSILLS,1
ROBIN McNAMARA,1
BILL PARSONS,1
EDISON LIGHTHOUSE,1
MYSTICS,1
THE PHIL MOORE FOUR,2
JAMES OTTO,1
HOZIER,1
CHRISTIE,1
HER DO,1
JUD STRUNK,1
BUDDY STARCHER,1
THE MOMENTS,1
EMINEM feat DR. DRE,1
ELLIOT LAWRENCE,1
ROSALIND PATTON,1
TRACY LAWRENCE,1
HAROLD FALTERMEYER,1
JON PARDI,1
DONNIE AND THE DREAMERS,1
BUCHANNAN AND GOODMAN,1
STANLEY CLARKE,1
GEORGE DUKE,1
ROMEO J.D.,1
VANCE JOY,1
LITTLE JOHNNY TAYLOR,1
WORLD PARTY,1
ZARA LARSSON,1
MNEK,1
GENTRYS,1
AMIL (OF MAJOR COINS),1
SOUL ASYLUM,2
McGUINN CLARK,1
HILLMAN,1
DEVOTIONS,1
THE SEARCHERS,1
MARCELS,1
GRAYSON HUGH,1
MARSHALL CRENSHALL,1
E.U.,1
EIFFEL 65,1
LARRY VERNE,1
CHARLIE DANIELS,1
JESSICA ANDREWS,1
IDES OF MARCH,1
THE TEEN QUEENS,1
THE MOONGLOWS,1
FABOLOUS feat MIKE SHOREY,1
ONYX,1
CAPITOLS,1
THE TOKENS,2
PETER McCANN,1
JEAN SHEPARD,1
CATHY JEAN AND THE ROOMMATES,1
SAWYER FREDERICKS,1
TRIUMPH EMMETT,1
3RD BASS,1
A$AP FERG,1
DALE WARD,1
ROSANNE CASH,1
SOULDECISION,1
THRUST,1
THE VERVE PIPE,1
DeCASTERO SISTERS,1
DICK McINTIRE,1
HIS HARMONY HAWAIIANS,1
THE WHITE STRIPES,1
THE ROUTERS,1
BOBBY CALDWELL,1
LADY FLASH,1
THE SENSATIONS,1
JOJO feat BOW WOW,1
FREDDIE NORTH,1
THE HESITATIONS,1
NEIGHBOURHOOD,1
SELENA GOMEZ x MARSHMELLO,1
LITTLE JOE AND THE THRILLERS,1
THE IRISH ROVERS,1
MARIAH CAREY feat THE FLIPMODE SQUAD,1
TIMBALAND feat NELLY FURTADO,1
THOMAS DOLBY,1
THE NOTORIOUS B.I.G. feat. PUFF DADDY,1
FREE,1
DeCASTRO SINGERS,1
KAI WINDING AND ORCHESTRA,1
MIKE CURB CONGREGATION,1
MARKETTS,1
WESTLIFE,1
JEFF BECK GROUP,1
DESI,1
JOE STAMPLEY,1
BYRON MacGREGOR,1
JACQUE RENARD,1
GODSPELL,1
ONE 2 MANY,1
DAVID NAIL,1
SAFIRE,1
THE FOUR FRESHMEN,1
MANU DiBANGO,1
SKYY,1
HIGH SCHOOL MUSICAL 2 CAST,1
BIG DEE IRWIN with LITTLE EVA,1
A GREAT BIG WORLD,1
THE CLASH,1
DIONNE FARRIS,1
JOHN SEBASTIAN,1
JOHNNY ADAMS,1
DAVID FOSTER,1
JACK WAGNER,1
STEVE AZAR,1
BUNKER HILL,1
BILL KENNY,1
THE NEW VAUDEVILLE BAND,1
HOUSE OF PAIN,1
STRYPER,1
HUGH MASEKELA,1
ALESSO feat FLORIDA GEORGIA LINE,1
WATT,1
THE CAPRIS,1
THE ROCK HEROES,1
THE CHRIS STAINTON BAND,1
PASSENGER,1
JANE WIEDLIN,1
FIVE FIGHTS UP,1
STYLE COUNCIL,1
JOEY McINTYRE,1
UNCLE KRACKER feat DOBIE GRAY,1
LAURIE LONDON,1
SINEAD O'CONNOR,1
OLLY MURS,1
LITTLE CAESAR,1
WALTER WANDERLEY,1
GREGG ALLMAN,1
BLINKY BLINK,1
INCUBUS,1
LENNIE HAYTON ORCHESTRA,1
RAM JAM,1
JERRY COLONNA,1
ASHLEY PARKER ANGEL,1
JENNIFER RUSH,1
AL JOLSON,1
THE FIREFLIES,1
BONE CRUSHER feat KILLER MIKE,1
PRINCE AND THE NEW POWER GENERATION,1
CLIFF NOBLES AND CO.,1
AD-LIBS,1
THE GLENCOVES,1
BO BICE,1
EDDIE PLATT AND HIS ORCHESTRA,1
LINK WRAY,1
BIG BROTHER AND THE HOLDING COMPANY,1
BUNNY SIGLER,1
WINSTONS,1
JIM CAPALDI,1
DAVIE ALLAN AND THE ARROWS,1
DELINQUENT HABITS,1
METERS,1
SOUP DRAGONS,1
CHARLEY PRIDE,1
DICK FLOOD,1
GARNET MIMMS,1
THEOPHILUS LONDON,1
ALLAN KINGDOM,1
PAUL,1
REFLECTIONS,1
SPOSE,1
MACHINE GUN KELLY,1
THE FIFTH ESTATE,1
MOMS MABLEY,1
AARON CARTER,1
ART AND DOTTY TODD,1
THEOLA KILGORE,1
DETAIL,1
JIDENNA,1
ROMAN GIANARTHUR,1
THE EMOTIONS,1
RAIDERS,1
HELEN CARROLL,1
SATISFIERS,1
SUAVE,1
THE OUTSIDERS,1
CILLA BLACK,1
STEVE FORBERT,1
BELL,1
JAMES,1
LEVERT,1
EDGAR WINTER,1
KARMIN,1
JOE HARNELL AND HIS ORCHESTRA,1
THE STORIES,1
CHRIS CAGLE,1
VIVIAN GREEN,1
NEIL HEFTI,1
THE HOMBRES,1
RAY GOODMAN,1
BROWN,1
RALPH TRESVANT,2
TRACY BYRD,1
THE LONDON SYMPHONY ORCHESTRA,1
ANN PEEBLES,1
JOSH GRACIN,1
PIPKINS,1
BUD BREES,1
GALLI SISTERS,1
JEEZY,1
AFTER THE FIRE,1
WALK THE MOON,1
BOOKER T.,1
THE MGS,1
BILLIE MYERS,1
LIL KIM feat DA BRAT,1
LEFT EYE,1
ANGIE MAR,1
NORMA TANEGA,1
JOE ESPOSITO,1
TED NUGENT,1
C+C MUSIC FACTORY,1
THE ROYAL GUARDSMAN,1
R. CITY,1
RIC OCASEK,1
